timestep	potential_energy
0	-68.64268494
5000	-98.9148407
10000	-104.2231903
15000	-103.4097672
20000	-104.2151642
25000	-100.9330215
30000	-104.4973145
35000	-104.3170547
40000	-101.2049713
45000	-106.733429
50000	-100.6776047
55000	-105.9984283
60000	-99.89437103
65000	-94.81806946
70000	-94.53891754
75000	-103.4984436
80000	-96.87338257
85000	-102.7531433
90000	-101.3990402
95000	-99.13254547
100000	-107.450325
105000	-97.55358887
110000	-101.5811005
115000	-104.4495392
120000	-96.95981598
125000	-100.0569611
130000	-101.621048
135000	-95.70293427
140000	-101.6555328
145000	-97.15503693
150000	-106.1194305
155000	-103.8376923
160000	-101.4832001
165000	-96.445961
170000	-106.4491577
175000	-96.94346619
180000	-102.7203827
185000	-102.8329315
190000	-106.1467133
195000	-98.44914246
200000	-102.2894821
205000	-95.07066345
210000	-103.9895096
215000	-99.97195435
220000	-105.0596161
225000	-92.95449829
230000	-109.0473175
235000	-97.14826965
240000	-99.18782043
245000	-98.84568024
250000	-97.84085083
255000	-105.7941971
260000	-96.35548401
265000	-105.0645218
270000	-103.0761108
275000	-107.5990906
280000	-100.1576843
285000	-105.9298401
290000	-97.87171936
295000	-97.45440674
300000	-97.42474365
305000	-101.3423386
310000	-96.70429993
315000	-95.90330505
320000	-101.4660416
325000	-99.32254028
330000	-101.7460861
335000	-105.0195007
340000	-101.6375351
345000	-97.94326782
350000	-104.2983017
355000	-98.8271637
360000	-101.7444839
365000	-105.0837402
370000	-88.28849792
375000	-100.6234131
380000	-99.81732178
385000	-103.2772369
390000	-104.2868347
395000	-103.4165344
400000	-106.9446411
405000	-104.5708313
410000	-104.3980484
415000	-105.3103485
420000	-92.26348114
425000	-101.1975174
430000	-100.8687744
435000	-101.4211731
440000	-105.8717651
445000	-103.8999329
450000	-96.95628357
455000	-90.10845947
460000	-97.89367676
465000	-97.88135529
470000	-95.57662964
475000	-97.41188049
480000	-104.6444626
485000	-97.8175354
490000	-109.2723236
495000	-100.9220276
500000	-105.8530579
505000	-93.82342529
510000	-103.8723831
515000	-99.72587585
520000	-97.16027069
525000	-95.35792542
530000	-96.65869904
535000	-99.70153809
540000	-95.65499115
545000	-98.51661682
550000	-103.120224
555000	-97.29296875
560000	-96.55101776
565000	-99.10238647
570000	-101.5367966
575000	-97.83720398
580000	-104.3361511
585000	-99.96595764
590000	-99.63365936
595000	-102.4957428
600000	-107.8796997
605000	-94.92867279
610000	-97.68574524
615000	-99.71339417
620000	-101.1362534
625000	-102.1947174
630000	-102.7114792
635000	-100.362793
640000	-105.8774567
645000	-106.6598434
650000	-98.74436951
655000	-92.57216644
660000	-103.5008698
665000	-102.2811584
670000	-104.7943192
675000	-112.0607758
680000	-99.47839355
685000	-101.7705994
690000	-106.5416946
695000	-101.5632172
700000	-103.5441132
705000	-89.73425293
710000	-96.64248657
715000	-105.7138901
720000	-104.2449646
725000	-94.14107513
730000	-107.8372345
735000	-94.39907837
740000	-96.18954468
745000	-102.9104156
750000	-98.65577698
755000	-104.6837921
760000	-102.7302246
765000	-106.0117722
770000	-94.24684143
775000	-105.018219
780000	-97.94922638
785000	-98.44100952
790000	-95.37746429
795000	-103.742569
800000	-107.9510193
805000	-102.9228058
810000	-104.9444046
815000	-99.82509613
820000	-101.2460938
825000	-104.7831192
830000	-105.1888428
835000	-103.5930176
840000	-105.7143784
845000	-98.7767334
850000	-94.53865051
855000	-102.1333237
860000	-100.3611526
865000	-98.09545898
870000	-101.4625397
875000	-101.7177582
880000	-102.9735413
885000	-99.5429306
890000	-98.78848267
895000	-95.55551147
900000	-99.29653931
905000	-100.4971771
910000	-101.6998596
915000	-100.8455505
920000	-100.652298
925000	-108.4185333
930000	-98.08123016
935000	-89.92201233
940000	-90.47766113
945000	-110.121048
950000	-107.3111267
955000	-100.6865387
960000	-97.37522888
965000	-100.1913452
970000	-105.5617828
975000	-99.97521973
980000	-97.91270447
985000	-99.62106323
990000	-108.4750977
995000	-101.8372803
1000000	-100.5758514
1005000	-95.98944855
1010000	-108.5289459
1015000	-105.9263458
1020000	-98.32974243
1025000	-98.68863678
1030000	-106.7719421
1035000	-100.4646835
1040000	-104.6623077
1045000	-100.1760406
1050000	-102.8322144
1055000	-93.39753723
1060000	-105.6695099
1065000	-99.76065063
1070000	-103.6247787
1075000	-106.839035
1080000	-105.9546432
1085000	-105.761734
1090000	-97.05851746
1095000	-94.25730133
1100000	-98.99092102
1105000	-99.20156097
1110000	-100.4423828
1115000	-100.4366913
1120000	-100.69664
1125000	-103.6441803
1130000	-101.2901764
1135000	-97.89306641
1140000	-96.88815308
1145000	-103.3512115
1150000	-104.2187424
1155000	-103.8087158
1160000	-106.8229523
1165000	-100.5019684
1170000	-99.39677429
1175000	-100.5214844
1180000	-100.0203552
1185000	-97.5800705
1190000	-99.74778748
1195000	-106.4556046
1200000	-106.2753296
1205000	-101.2855682
1210000	-106.9262848
1215000	-101.0061722
1220000	-94.79473877
1225000	-101.1737213
1230000	-95.34725189
1235000	-104.7842102
1240000	-105.0140991
1245000	-95.1474762
1250000	-104.6249695
1255000	-103.6033173
1260000	-103.1373901
1265000	-94.88339233
1270000	-95.81608582
1275000	-104.3414307
1280000	-105.4168396
1285000	-97.61141968
1290000	-99.28463745
1295000	-96.52307129
1300000	-100.0938873
1305000	-104.0575104
1310000	-102.4483337
1315000	-98.54124451
1320000	-101.5134506
1325000	-100.7971039
1330000	-90.98218536
1335000	-96.1399231
1340000	-102.6204224
1345000	-98.97587585
1350000	-102.262619
1355000	-98.35072327
1360000	-94.2170105
1365000	-103.3644867
1370000	-102.5575714
1375000	-93.29161835
1380000	-101.8610077
1385000	-102.154068
1390000	-99.37199402
1395000	-95.93848419
1400000	-98.02464294
1405000	-95.34606934
1410000	-103.6336441
1415000	-99.83059692
1420000	-98.19223022
1425000	-96.94078064
1430000	-95.50495148
1435000	-92.80700684
1440000	-100.2254181
1445000	-104.7282257
1450000	-98.90734863
1455000	-101.0649414
1460000	-102.7940521
1465000	-97.95793152
1470000	-99.93611145
1475000	-106.1689072
1480000	-92.23822021
1485000	-96.37059021
1490000	-100.6670532
1495000	-97.82781982
1500000	-102.5222473
1505000	-101.9613495
1510000	-97.32496643
1515000	-106.9544525
1520000	-100.8455124
1525000	-99.21247864
1530000	-101.2562561
1535000	-99.04602814
1540000	-103.7320862
1545000	-96.51611328
1550000	-94.19634247
1555000	-94.28347778
1560000	-98.48999023
1565000	-97.98542786
1570000	-98.57414246
1575000	-95.93292236
1580000	-92.65000916
1585000	-98.70041656
1590000	-101.1081085
1595000	-98.0372467
1600000	-103.0478668
1605000	-104.9494934
1610000	-104.2360229
1615000	-104.088089
1620000	-97.60980225
1625000	-98.01846313
1630000	-103.5645752
1635000	-96.19660187
1640000	-98.24835205
1645000	-102.8117447
1650000	-102.8919601
1655000	-100.6221237
1660000	-99.31876373
1665000	-100.8550568
1670000	-93.04495239
1675000	-102.8256836
1680000	-99.41201019
1685000	-97.42498779
1690000	-98.17926788
1695000	-101.3367615
1700000	-102.5865707
1705000	-104.1383057
1710000	-101.5689087
1715000	-96.70684814
1720000	-102.7456055
1725000	-109.1779556
1730000	-98.3398056
1735000	-100.5236359
1740000	-107.8690948
1745000	-99.0142746
1750000	-105.0552368
1755000	-94.61734009
1760000	-96.52479553
1765000	-101.8151398
1770000	-100.5078278
1775000	-99.59391785
1780000	-104.8382263
1785000	-100.2124176
1790000	-102.3011017
1795000	-102.4468842
1800000	-104.4120483
1805000	-102.2903137
1810000	-93.58512878
1815000	-103.709198
1820000	-105.2672043
1825000	-101.8379974
1830000	-96.4288559
1835000	-94.401474
1840000	-104.5906677
1845000	-101.5035706
1850000	-97.602005
1855000	-95.20802307
1860000	-103.6718216
1865000	-101.5098572
1870000	-101.329361
1875000	-99.69174957
1880000	-101.4788513
1885000	-108.4451218
1890000	-105.0993042
1895000	-93.58421326
1900000	-102.7235031
1905000	-107.1745453
1910000	-103.6578217
1915000	-99.21261597
1920000	-105.3184204
1925000	-101.7355957
1930000	-100.5406036
1935000	-94.77312469
1940000	-92.49617004
1945000	-100.8329239
1950000	-99.96554565
1955000	-99.93589783
1960000	-102.4937134
1965000	-98.09593201
1970000	-97.87571716
1975000	-99.36706543
1980000	-104.9936371
1985000	-105.9173126
1990000	-98.75033569
1995000	-108.2153549
2000000	-112.3074875
2005000	-101.1887894
2010000	-102.079483
2015000	-100.4390869
2020000	-106.0974731
2025000	-106.6353149
2030000	-98.9083252
2035000	-99.26393127
2040000	-99.6532135
2045000	-96.14968872
2050000	-97.58517456
2055000	-100.803009
2060000	-97.50986481
2065000	-97.97239685
2070000	-101.1098709
2075000	-98.4940033
2080000	-98.68049622
2085000	-104.2067108
2090000	-107.1464691
2095000	-103.0541229
2100000	-97.78990173
2105000	-102.9259338
2110000	-108.6902771
2115000	-98.23768616
2120000	-103.8863754
2125000	-102.7566223
2130000	-99.37738037
2135000	-99.6530304
2140000	-91.21142578
2145000	-96.35678864
2150000	-108.4842377
2155000	-101.3441162
2160000	-100.1785431
2165000	-100.9131165
2170000	-100.8841553
2175000	-101.090004
2180000	-100.4934311
2185000	-106.3706055
2190000	-101.0029221
2195000	-102.4568481
2200000	-99.06501007
2205000	-97.44088745
2210000	-99.45098877
2215000	-107.0958939
2220000	-103.9336319
2225000	-107.6602783
2230000	-100.0667114
2235000	-104.3836212
2240000	-99.99369812
2245000	-100.4645996
2250000	-101.3486481
2255000	-104.5661316
2260000	-93.24009705
2265000	-103.4295807
2270000	-96.33029175
2275000	-102.8039322
2280000	-101.7631073
2285000	-103.3784485
2290000	-98.80349731
2295000	-92.9468689
2300000	-99.26593781
2305000	-103.0919189
2310000	-93.23626709
2315000	-98.91634369
2320000	-94.97502899
2325000	-96.32411194
2330000	-93.82678986
2335000	-90.97683716
2340000	-105.8535995
2345000	-98.97387695
2350000	-105.2934723
2355000	-101.811615
2360000	-100.3013916
2365000	-102.6515656
2370000	-103.5829315
2375000	-105.2196503
2380000	-100.9108276
2385000	-100.1457977
2390000	-95.5694046
2395000	-104.6824722
2400000	-99.19082642
2405000	-97.93965149
2410000	-100.6207962
2415000	-96.47856903
2420000	-97.01140594
2425000	-109.2064133
2430000	-104.303009
2435000	-102.057312
2440000	-97.3712616
2445000	-109.6930161
2450000	-103.8374634
2455000	-99.14617157
2460000	-99.38038635
2465000	-97.34292603
2470000	-110.3863525
2475000	-103.490799
2480000	-99.96286011
2485000	-99.48755646
2490000	-103.1834869
2495000	-97.31419373
2500000	-106.8008118
2505000	-102.2990723
2510000	-104.513588
2515000	-104.7958145
2520000	-101.0965576
2525000	-95.09991455
2530000	-107.7588959
2535000	-97.45484161
2540000	-101.6085205
2545000	-104.5057983
2550000	-99.24685669
2555000	-106.2710419
2560000	-100.0768433
2565000	-94.62577057
2570000	-98.19324493
2575000	-101.803566
2580000	-100.0982285
2585000	-95.81594086
2590000	-96.9589386
2595000	-95.5894165
2600000	-101.8466492
2605000	-105.4309082
2610000	-103.4187622
2615000	-101.7127228
2620000	-100.1229782
2625000	-94.44465637
2630000	-94.0681839
2635000	-96.33558655
2640000	-99.81819916
2645000	-99.11722565
2650000	-100.044075
2655000	-101.5301666
2660000	-100.3694839
2665000	-92.94758606
2670000	-103.0480804
2675000	-103.6956635
2680000	-110.4332581
2685000	-103.0364685
2690000	-103.6347275
2695000	-99.61566925
2700000	-101.568428
2705000	-96.11314392
2710000	-97.01603699
2715000	-96.16984558
2720000	-101.0850372
2725000	-102.5538559
2730000	-100.6007004
2735000	-88.77426147
2740000	-100.9958801
2745000	-97.2121582
2750000	-90.62260437
2755000	-100.5836334
2760000	-98.55130005
2765000	-98.47197723
2770000	-97.93164825
2775000	-105.3590088
2780000	-98.75609589
2785000	-103.98703
2790000	-102.2839661
2795000	-94.85455322
2800000	-96.69064331
2805000	-106.1673508
2810000	-93.2681427
2815000	-92.90950012
2820000	-96.88926697
2825000	-100.0921173
2830000	-103.7473679
2835000	-100.5895081
2840000	-106.8297119
2845000	-104.0909882
2850000	-104.7588654
2855000	-106.3145752
2860000	-103.1953659
2865000	-95.48440552
2870000	-93.68333435
2875000	-94.48191071
2880000	-99.64338684
2885000	-107.5043335
2890000	-92.55525208
2895000	-99.72738647
2900000	-85.87464905
2905000	-101.9110413
2910000	-94.42709351
2915000	-102.8598175
2920000	-98.87037659
2925000	-98.16677094
2930000	-100.2033081
2935000	-99.90596008
2940000	-101.7278519
2945000	-102.6813126
2950000	-103.9125977
2955000	-101.0922165
2960000	-101.4153976
2965000	-99.19752502
2970000	-98.22779846
2975000	-98.08448029
2980000	-101.0273895
2985000	-98.08569336
2990000	-99.77061462
2995000	-106.4004822
3000000	-102.0107956
3005000	-99.34337616
3010000	-97.60404968
3015000	-105.7658539
3020000	-104.6782532
3025000	-103.4545517
3030000	-93.05250549
3035000	-108.6877289
3040000	-102.5297699
3045000	-102.7459259
3050000	-100.7567215
3055000	-95.85762024
3060000	-105.4266052
3065000	-106.4243774
3070000	-99.06884766
3075000	-101.0718155
3080000	-97.29865265
3085000	-94.82189941
3090000	-96.13278198
3095000	-97.88031006
3100000	-98.50732422
3105000	-100.9512329
3110000	-99.51849365
3115000	-102.4766998
3120000	-103.7523193
3125000	-102.5994568
3130000	-104.8759003
3135000	-93.83597565
3140000	-101.813797
3145000	-101.2659073
3150000	-104.9732971
3155000	-106.4084702
3160000	-102.2438965
3165000	-104.074295
3170000	-95.0868988
3175000	-93.84461975
3180000	-99.54638672
3185000	-99.53915405
3190000	-102.2724228
3195000	-99.4629364
3200000	-101.7565155
3205000	-99.52539062
3210000	-104.0917053
3215000	-104.5935898
3220000	-102.9687576
3225000	-100.3822021
3230000	-101.2450104
3235000	-96.26480865
3240000	-99.27350616
3245000	-93.7885437
3250000	-97.730896
3255000	-97.94140625
3260000	-100.6010284
3265000	-96.32323456
3270000	-102.2370529
3275000	-95.27393341
3280000	-101.0761108
3285000	-101.9353714
3290000	-97.30111694
3295000	-98.75387573
3300000	-103.6630173
3305000	-108.8758392
3310000	-101.6986694
3315000	-95.2230835
3320000	-95.92712402
3325000	-98.99241638
3330000	-105.6740875
3335000	-101.1796417
3340000	-95.42793274
3345000	-101.7728882
3350000	-99.2721405
3355000	-102.0050964
3360000	-104.7262878
3365000	-101.6292572
3370000	-97.41897583
3375000	-104.4939194
3380000	-105.6007538
3385000	-102.59758
3390000	-99.93525696
3395000	-109.4434814
3400000	-103.4433823
3405000	-100.572403
3410000	-100.9284973
3415000	-90.36443329
3420000	-103.261261
3425000	-102.6359253
3430000	-102.0088882
3435000	-103.6397095
3440000	-98.20584106
3445000	-97.03543854
3450000	-95.7520752
3455000	-99.41480255
3460000	-101.8917694
3465000	-105.4558563
3470000	-102.7390289
3475000	-100.6717224
3480000	-106.4130707
3485000	-99.01013184
3490000	-108.9309006
3495000	-104.168396
3500000	-100.9582062
3505000	-98.87090302
3510000	-107.3216858
3515000	-104.3815536
3520000	-103.4538498
3525000	-102.0618668
3530000	-100.6596527
3535000	-105.6535645
3540000	-103.7290115
3545000	-98.99150085
3550000	-95.05910492
3555000	-110.570282
3560000	-102.1492462
3565000	-109.7236862
3570000	-102.0435181
3575000	-100.6633987
3580000	-99.66986084
3585000	-106.0151901
3590000	-105.4186707
3595000	-103.9656982
3600000	-103.3259735
3605000	-93.62530518
3610000	-101.1750031
3615000	-100.9564514
3620000	-102.0107803
3625000	-100.6020966
3630000	-104.3413773
3635000	-103.5596161
3640000	-100.9670258
3645000	-93.1656189
3650000	-101.0109406
3655000	-104.9407272
3660000	-105.96492
3665000	-101.2990646
3670000	-101.8729172
3675000	-102.7579651
3680000	-99.64360809
3685000	-104.1056061
3690000	-95.54589081
3695000	-98.44950867
3700000	-99.93719482
3705000	-97.93450928
3710000	-99.76146698
3715000	-106.3600311
3720000	-93.31312561
3725000	-107.1688232
3730000	-98.1552887
3735000	-100.5476074
3740000	-106.0140991
3745000	-97.13494873
3750000	-105.6079788
3755000	-97.6407547
3760000	-97.12783813
3765000	-106.2526474
3770000	-99.04804993
3775000	-102.9487762
3780000	-99.60423279
3785000	-94.47003174
3790000	-104.2892914
3795000	-101.3856659
3800000	-96.20763397
3805000	-102.6555176
3810000	-96.36464691
3815000	-102.2089233
3820000	-100.068161
3825000	-98.25353241
3830000	-100.6495361
3835000	-103.1118164
3840000	-106.8654709
3845000	-104.5389938
3850000	-108.5493164
3855000	-109.1524658
3860000	-97.82247925
3865000	-102.2909851
3870000	-97.22370148
3875000	-104.565773
3880000	-88.80458069
3885000	-104.0466003
3890000	-98.51844788
3895000	-99.57017517
3900000	-101.8070068
3905000	-97.19477844
3910000	-91.00065613
3915000	-100.3218689
3920000	-96.45341492
3925000	-97.63417816
3930000	-100.9884338
3935000	-104.6384125
3940000	-100.349762
3945000	-101.4717102
3950000	-101.8500366
3955000	-105.5206451
3960000	-104.8890991
3965000	-99.31604767
3970000	-105.5536804
3975000	-104.439743
3980000	-95.389328
3985000	-95.26412964
3990000	-104.6914597
3995000	-105.3251038
4000000	-98.96551514
4005000	-99.00254822
4010000	-98.47014618
4015000	-99.31473541
4020000	-96.4391861
4025000	-104.4711761
4030000	-105.5318604
4035000	-96.0256958
4040000	-102.8682098
4045000	-97.6171875
4050000	-102.9559937
4055000	-102.0622177
4060000	-102.2712021
4065000	-103.0368195
4070000	-98.84732056
4075000	-99.19650269
4080000	-101.1744537
4085000	-95.29531097
4090000	-101.1347198
4095000	-103.3120041
4100000	-110.5716248
4105000	-103.7065125
4110000	-104.080246
4115000	-105.3140564
4120000	-102.3130646
4125000	-96.5887146
4130000	-106.124939
4135000	-99.01725006
4140000	-104.9558182
4145000	-99.76359558
4150000	-95.29620361
4155000	-88.71092224
4160000	-109.0842133
4165000	-100.8344116
4170000	-105.1092758
4175000	-108.9114838
4180000	-106.543129
4185000	-102.1838455
4190000	-105.2181778
4195000	-95.12507629
4200000	-100.2023087
4205000	-102.1629639
4210000	-101.9978027
4215000	-102.7058334
4220000	-100.4420547
4225000	-99.69091797
4230000	-92.86727905
4235000	-91.70960999
4240000	-94.31555939
4245000	-102.9687347
4250000	-98.58674622
4255000	-100.7323151
4260000	-95.30182648
4265000	-99.70915985
4270000	-100.3776093
4275000	-96.36683655
4280000	-97.11162567
4285000	-99.98181915
4290000	-105.0294342
4295000	-103.415329
4300000	-89.50572968
4305000	-94.01408386
4310000	-102.9163513
4315000	-99.61158752
4320000	-99.26171112
4325000	-110.0577011
4330000	-99.66477966
4335000	-98.49765015
4340000	-111.539505
4345000	-100.9007263
4350000	-99.52420044
4355000	-105.5987091
4360000	-104.6920776
4365000	-92.20924377
4370000	-104.3499222
4375000	-101.0017929
4380000	-104.8617859
4385000	-98.23297882
4390000	-102.2551804
4395000	-96.46810913
4400000	-93.3730011
4405000	-99.9413147
4410000	-102.8717651
4415000	-97.5743103
4420000	-94.83505249
4425000	-104.3742142
4430000	-103.9994354
4435000	-96.5415802
4440000	-102.844574
4445000	-98.62592316
4450000	-102.6574097
4455000	-101.5110855
4460000	-102.5873871
4465000	-104.1270752
4470000	-96.69493103
4475000	-98.21747589
4480000	-97.81700897
4485000	-103.4582977
4490000	-95.83157349
4495000	-99.64543152
4500000	-98.25746918
4505000	-106.1862793
4510000	-101.6866989
4515000	-92.26735687
4520000	-107.7192535
4525000	-102.625
4530000	-99.49171448
4535000	-100.6077194
4540000	-101.7074356
4545000	-102.8420181
4550000	-101.2227859
4555000	-101.1488647
4560000	-97.61940002
4565000	-103.2474442
4570000	-91.19064331
4575000	-104.3497009
4580000	-99.34301758
4585000	-99.91199493
4590000	-96.53490448
4595000	-96.11159515
4600000	-93.99245453
4605000	-103.0554504
4610000	-100.7479401
4615000	-100.744812
4620000	-100.4771347
4625000	-86.06082153
4630000	-105.0299377
4635000	-104.4944458
4640000	-98.71705627
4645000	-106.1663437
4650000	-94.62558746
4655000	-102.584549
4660000	-97.88604736
4665000	-97.50791931
4670000	-101.1983414
4675000	-94.25979614
4680000	-99.99606323
4685000	-104.7070312
4690000	-94.33261108
4695000	-101.7646637
4700000	-104.3408508
4705000	-97.40686798
4710000	-102.8840027
4715000	-97.33850098
4720000	-110.0662537
4725000	-105.1516571
4730000	-103.9525604
4735000	-108.6717987
4740000	-96.22151184
4745000	-101.9882355
4750000	-100.3016586
4755000	-106.4196777
4760000	-112.3557205
4765000	-100.5326385
4770000	-107.293396
4775000	-100.1507645
4780000	-102.9359436
4785000	-104.6727066
4790000	-100.3686371
4795000	-100.3750992
4800000	-97.11587524
4805000	-101.4895248
4810000	-99.22663879
4815000	-95.0319519
4820000	-108.0025558
4825000	-108.8886642
4830000	-103.3336029
4835000	-106.2652283
4840000	-103.0679169
4845000	-103.6977768
4850000	-104.0196533
4855000	-91.64368439
4860000	-106.640358
4865000	-102.462265
4870000	-101.3647842
4875000	-109.9393311
4880000	-104.4312973
4885000	-102.300415
4890000	-102.1716385
4895000	-91.98001099
4900000	-105.1515732
4905000	-99.98948669
4910000	-101.2332458
4915000	-103.0088654
4920000	-110.3694458
4925000	-99.16943359
4930000	-97.81852722
4935000	-105.0514374
4940000	-106.5497284
4945000	-102.2550049
4950000	-102.9824066
4955000	-96.15828705
4960000	-95.56764221
4965000	-103.5194397
4970000	-105.9416809
4975000	-104.6005096
4980000	-99.6686554
4985000	-97.80545044
4990000	-97.19612122
4995000	-103.5276718
5000000	-102.0551147
5005000	-99.4894104
5010000	-104.4663086
5015000	-98.98602295
5020000	-102.8935699
5025000	-101.2190399
5030000	-99.64079285
5035000	-103.2091446
5040000	-104.6533508
5045000	-98.1860199
5050000	-91.18148804
5055000	-105.1021271
5060000	-102.5966644
5065000	-95.64179993
5070000	-107.9318619
5075000	-105.6644058
5080000	-102.894043
5085000	-99.82867432
5090000	-100.5706787
5095000	-102.7143097
5100000	-100.8967438
5105000	-95.14974213
5110000	-97.65740967
5115000	-95.47468567
5120000	-101.7042999
5125000	-96.5776825
5130000	-101.8926926
5135000	-98.73146057
5140000	-101.9968719
5145000	-100.8106842
5150000	-103.9868164
5155000	-97.24005127
5160000	-103.0511246
5165000	-93.96606445
5170000	-97.68579102
5175000	-104.5188599
5180000	-99.52655029
5185000	-101.1208496
5190000	-104.9774933
5195000	-97.72657776
5200000	-105.4066467
5205000	-103.6632462
5210000	-96.07679749
5215000	-105.4331512
5220000	-100.5344925
5225000	-104.3325043
5230000	-96.58718109
5235000	-98.83953094
5240000	-92.51002502
5245000	-92.44978333
5250000	-103.6076508
5255000	-103.6602249
5260000	-99.8684845
5265000	-104.7765808
5270000	-99.902565
5275000	-106.4043503
5280000	-105.8213882
5285000	-104.5031128
5290000	-105.3060226
5295000	-98.42598724
5300000	-103.8256149
5305000	-105.4148407
5310000	-97.31780243
5315000	-95.24850464
5320000	-100.7681732
5325000	-102.7556458
5330000	-99.62174988
5335000	-102.7764206
5340000	-104.2150116
5345000	-96.66885376
5350000	-101.7434387
5355000	-98.68806458
5360000	-96.20868683
5365000	-102.1708069
5370000	-95.82065582
5375000	-104.1200485
5380000	-98.47424316
5385000	-105.012085
5390000	-105.6234283
5395000	-110.9114685
5400000	-101.9673767
5405000	-100.617012
5410000	-100.1192017
5415000	-100.544426
5420000	-109.8258057
5425000	-95.90016174
5430000	-109.9753571
5435000	-98.80203247
5440000	-98.92822266
5445000	-102.8154907
5450000	-100.8960114
5455000	-102.0027313
5460000	-100.0072784
5465000	-97.17246246
5470000	-101.9553528
5475000	-101.3521805
5480000	-97.41679382
5485000	-104.0759125
5490000	-100.6229553
5495000	-100.5667114
5500000	-95.01576233
5505000	-93.46601105
5510000	-104.5566711
5515000	-95.36550903
5520000	-94.8415451
5525000	-100.2769775
5530000	-101.8952332
5535000	-102.0833511
5540000	-101.5060043
5545000	-100.1411591
5550000	-90.87434387
5555000	-98.65463257
5560000	-102.4685898
5565000	-98.96011353
5570000	-106.2953949
5575000	-99.16008759
5580000	-100.5595856
5585000	-96.87037659
5590000	-105.3997269
5595000	-104.7304382
5600000	-103.4183655
5605000	-96.45451355
5610000	-103.8016663
5615000	-98.23793793
5620000	-101.5187912
5625000	-104.7928391
5630000	-103.4283981
5635000	-99.38346863
5640000	-105.8110199
5645000	-103.0494614
5650000	-103.8236084
5655000	-100.6011887
5660000	-99.87956238
5665000	-105.8827362
5670000	-93.74664307
5675000	-102.3581924
5680000	-103.7241211
5685000	-97.32722473
5690000	-102.9803925
5695000	-103.0077286
5700000	-107.2378387
5705000	-101.1708603
5710000	-102.6992035
5715000	-103.1289825
5720000	-108.0932465
5725000	-103.0052261
5730000	-97.72854614
5735000	-102.4604187
5740000	-99.06980896
5745000	-105.5676727
5750000	-95.73279572
5755000	-100.3703003
5760000	-106.1742935
5765000	-102.5501175
5770000	-96.07551575
5775000	-98.43806458
5780000	-98.45368958
5785000	-102.7190247
5790000	-99.84577179
5795000	-100.3672562
5800000	-93.53390503
5805000	-108.1698761
5810000	-99.22703552
5815000	-106.2472
5820000	-98.98735046
5825000	-105.7512131
5830000	-106.6938782
5835000	-105.1928711
5840000	-101.2422943
5845000	-101.1236877
5850000	-97.76219177
5855000	-99.01421356
5860000	-98.44299316
5865000	-108.2909012
5870000	-101.3575745
5875000	-95.10899353
5880000	-100.7896881
5885000	-99.41395569
5890000	-107.6697083
5895000	-99.03433228
5900000	-101.3670349
5905000	-96.23890686
5910000	-97.60752869
5915000	-97.11369324
5920000	-101.4338837
5925000	-98.54795837
5930000	-99.056427
5935000	-96.95812988
5940000	-92.5592804
5945000	-94.93891907
5950000	-101.1135101
5955000	-99.61320496
5960000	-100.031311
5965000	-100.3520279
5970000	-101.8502808
5975000	-99.66539764
5980000	-98.42182922
5985000	-101.2778015
5990000	-95.97898865
5995000	-96.75190735
6000000	-102.4371948
6005000	-98.13661194
6010000	-96.20957947
6015000	-101.2198944
6020000	-102.3135376
6025000	-103.6080017
6030000	-103.9678192
6035000	-94.96951294
6040000	-105.9458313
6045000	-101.0700989
6050000	-105.1009369
6055000	-102.2765579
6060000	-95.58827972
6065000	-101.7904663
6070000	-98.25668335
6075000	-104.9898758
6080000	-85.91473389
6085000	-103.3974762
6090000	-98.28189087
6095000	-96.04983521
6100000	-103.5014954
6105000	-99.77532959
6110000	-102.1223221
6115000	-101.9927521
6120000	-93.37742615
6125000	-100.148201
6130000	-101.9547272
6135000	-108.8087082
6140000	-105.0621643
6145000	-102.8829117
6150000	-99.04063416
6155000	-100.4344864
6160000	-100.8583984
6165000	-102.5186157
6170000	-97.8037262
6175000	-98.41570282
6180000	-107.796051
6185000	-97.49935913
6190000	-107.4167023
6195000	-103.6135254
6200000	-96.35274506
6205000	-100.2812881
6210000	-102.2408218
6215000	-101.8613052
6220000	-105.7673187
6225000	-103.6820755
6230000	-105.4883194
6235000	-99.50935364
6240000	-94.07096863
6245000	-97.89784241
6250000	-91.9723053
6255000	-93.921875
6260000	-91.31745911
6265000	-98.93066406
6270000	-104.7562866
6275000	-99.09277344
6280000	-93.4095459
6285000	-105.9897385
6290000	-100.5619659
6295000	-97.65364075
6300000	-106.7078247
6305000	-91.77723694
6310000	-103.3473358
6315000	-92.55677032
6320000	-105.6257935
6325000	-100.6304703
6330000	-104.1900864
6335000	-102.8591461
6340000	-103.4059906
6345000	-98.08529663
6350000	-96.39407349
6355000	-98.01660919
6360000	-98.53286743
6365000	-101.5913696
6370000	-95.54870605
6375000	-103.2524338
6380000	-104.6951828
6385000	-94.18817139
6390000	-104.6993256
6395000	-98.13707733
6400000	-102.9439468
6405000	-96.17810059
6410000	-104.0842896
6415000	-94.85739136
6420000	-99.97132874
6425000	-94.27874756
6430000	-94.5274353
6435000	-97.18737793
6440000	-97.85787964
6445000	-103.7337189
6450000	-96.67194366
6455000	-98.21417236
6460000	-98.43210602
6465000	-105.5324631
6470000	-101.0907288
6475000	-101.1607361
6480000	-100.4077148
6485000	-100.1892242
6490000	-96.37931061
6495000	-105.5321503
6500000	-100.9990845
6505000	-94.54600525
6510000	-101.724823
6515000	-104.3723145
6520000	-95.938797
6525000	-97.78015137
6530000	-103.0413208
6535000	-99.70718384
6540000	-97.12017822
6545000	-98.16997528
6550000	-100.6425018
6555000	-101.1220398
6560000	-99.95264435
6565000	-97.91731262
6570000	-103.7020111
6575000	-108.3206482
6580000	-100.1588821
6585000	-100.3700714
6590000	-104.843338
6595000	-106.328743
6600000	-105.2213593
6605000	-105.3199615
6610000	-101.4736252
6615000	-102.670372
6620000	-94.74731445
6625000	-106.1639252
6630000	-104.4927368
6635000	-104.1416855
6640000	-104.1198349
6645000	-104.0676117
6650000	-100.0066071
6655000	-108.2354279
6660000	-97.73442078
6665000	-97.8490448
6670000	-101.4163055
6675000	-97.88335419
6680000	-103.2942963
6685000	-97.60177612
6690000	-94.57382202
6695000	-106.308197
6700000	-103.0026321
6705000	-97.60193634
6710000	-98.02813721
6715000	-101.1540985
6720000	-99.44781494
6725000	-97.26847076
6730000	-99.62811279
6735000	-100.2797623
6740000	-98.46733093
6745000	-91.54293823
6750000	-98.13272858
6755000	-101.7842102
6760000	-100.3155365
6765000	-102.9876404
6770000	-100.437027
6775000	-98.7358551
6780000	-95.21906281
6785000	-97.53048706
6790000	-100.579155
6795000	-96.38628387
6800000	-92.05124664
6805000	-96.26022339
6810000	-102.1895905
6815000	-93.31957245
6820000	-102.6673431
6825000	-105.748703
6830000	-94.6645813
6835000	-97.90925598
6840000	-100.2771683
6845000	-97.0839386
6850000	-94.59349823
6855000	-98.49273682
6860000	-103.6838455
6865000	-95.08428192
6870000	-93.68109131
6875000	-100.7355499
6880000	-106.233551
6885000	-98.21570587
6890000	-102.8601761
6895000	-101.9333801
6900000	-100.77491
6905000	-95.95977783
6910000	-97.22702026
6915000	-93.539505
6920000	-97.26168823
6925000	-96.59560394
6930000	-98.9730072
6935000	-99.57792664
6940000	-92.93093872
6945000	-101.8141174
6950000	-98.64759827
6955000	-95.50743103
6960000	-103.9207611
6965000	-92.75476837
6970000	-95.50518799
6975000	-98.95601654
6980000	-101.6979523
6985000	-103.4475174
6990000	-98.67580414
6995000	-93.48994446
7000000	-103.5352783
7005000	-101.5918121
7010000	-106.9868469
7015000	-106.6138153
7020000	-108.1622086
7025000	-102.7707062
7030000	-102.1524506
7035000	-97.25765991
7040000	-102.3522797
7045000	-101.8494263
7050000	-101.543808
7055000	-97.18707275
7060000	-101.9955597
7065000	-94.21578979
7070000	-94.8502655
7075000	-96.53625488
7080000	-103.9479675
7085000	-99.12722778
7090000	-103.7463226
7095000	-94.21032715
7100000	-100.7885132
7105000	-99.41201782
7110000	-96.59082031
7115000	-102.2216339
7120000	-98.73822021
7125000	-101.6668015
7130000	-103.0381165
7135000	-98.81105804
7140000	-97.78764343
7145000	-109.2612
7150000	-103.0254822
7155000	-106.838356
7160000	-105.0552902
7165000	-98.61561584
7170000	-98.82819366
7175000	-101.3974915
7180000	-95.61947632
7185000	-102.700119
7190000	-98.49667358
7195000	-99.72845459
7200000	-100.2271957
7205000	-105.695343
7210000	-101.57444
7215000	-97.4352417
7220000	-98.3225708
7225000	-103.4576111
7230000	-99.29624176
7235000	-103.8019714
7240000	-97.30922699
7245000	-101.6130524
7250000	-100.7966461
7255000	-101.4784317
7260000	-99.53279114
7265000	-98.2909317
7270000	-96.13812256
7275000	-95.42916107
7280000	-101.9914169
7285000	-109.3294678
7290000	-106.8544693
7295000	-100.9523926
7300000	-97.29588318
7305000	-95.21331787
7310000	-105.6642761
7315000	-101.5515594
7320000	-97.53701782
7325000	-103.1982269
7330000	-102.1767273
7335000	-100.396347
7340000	-99.76499939
7345000	-101.0526428
7350000	-104.5715179
7355000	-106.992981
7360000	-96.1678009
7365000	-94.85972595
7370000	-105.9913788
7375000	-101.7020111
7380000	-97.09578705
7385000	-99.43644714
7390000	-101.1887665
7395000	-100.4623642
7400000	-93.34103394
7405000	-94.90313721
7410000	-91.45146179
7415000	-93.98783112
7420000	-100.0575714
7425000	-104.1249924
7430000	-101.4654312
7435000	-99.93244934
7440000	-96.81336975
7445000	-100.759758
7450000	-98.04314423
7455000	-101.4685211
7460000	-100.6174774
7465000	-101.5817642
7470000	-98.5388031
7475000	-103.1516724
7480000	-97.25701904
7485000	-99.33035278
7490000	-102.3590469
7495000	-99.56420898
7500000	-97.91526794
7505000	-102.7214127
7510000	-100.6884689
7515000	-99.81227112
7520000	-99.19381714
7525000	-97.3752594
7530000	-99.43139648
7535000	-98.45920563
7540000	-96.12853241
7545000	-102.0366669
7550000	-106.7605591
7555000	-106.8192444
7560000	-99.88744354
7565000	-105.699707
7570000	-101.4770508
7575000	-104.4725647
7580000	-104.846489
7585000	-102.3552856
7590000	-99.49539948
7595000	-99.68750763
7600000	-102.3437042
7605000	-103.5004425
7610000	-105.4704132
7615000	-105.6007385
7620000	-103.7825928
7625000	-96.81533051
7630000	-99.49703979
7635000	-104.8398972
7640000	-97.60342407
7645000	-104.0870972
7650000	-102.5348663
7655000	-99.77444458
7660000	-99.78237915
7665000	-103.419342
7670000	-97.89178467
7675000	-95.74238586
7680000	-99.55334473
7685000	-100.2967606
7690000	-100.0881577
7695000	-103.7048187
7700000	-101.4500656
7705000	-103.996376
7710000	-104.0389557
7715000	-100.4486389
7720000	-99.92476654
7725000	-99.95895386
7730000	-93.47419739
7735000	-105.3080139
7740000	-96.73777771
7745000	-95.53765869
7750000	-98.61026001
7755000	-93.42405701
7760000	-96.56674957
7765000	-101.2751465
7770000	-89.62961578
7775000	-94.04368591
7780000	-106.2442932
7785000	-101.2308502
7790000	-100.4680328
7795000	-95.86191559
7800000	-99.08071136
7805000	-103.2212524
7810000	-104.4826126
7815000	-106.3299103
7820000	-99.17597961
7825000	-103.1225739
7830000	-102.5732117
7835000	-99.78496552
7840000	-100.669754
7845000	-93.29773712
7850000	-103.8841248
7855000	-105.0437622
7860000	-99.00585938
7865000	-97.63718414
7870000	-98.03599548
7875000	-98.01685333
7880000	-101.2550964
7885000	-105.3105621
7890000	-98.11804199
7895000	-94.12612915
7900000	-103.1676025
7905000	-101.5283508
7910000	-98.52601624
7915000	-95.32800293
7920000	-99.4274292
7925000	-99.67489624
7930000	-100.3752441
7935000	-100.3435211
7940000	-100.4993439
7945000	-91.95226288
7950000	-96.03068542
7955000	-93.73157501
7960000	-104.0894852
7965000	-98.72140503
7970000	-103.5744934
7975000	-100.9190598
7980000	-104.8086395
7985000	-94.75387573
7990000	-94.54155731
7995000	-100.8523941
8000000	-99.4241333
8005000	-100.6707687
8010000	-101.6980743
8015000	-94.84483337
8020000	-103.8585052
8025000	-98.51999664
8030000	-98.31260681
8035000	-97.82187653
8040000	-104.7401428
8045000	-107.1354218
8050000	-95.67764282
8055000	-102.7390747
8060000	-102.1886597
8065000	-104.469101
8070000	-97.22129822
8075000	-94.69165802
8080000	-101.0897675
8085000	-90.51242065
8090000	-97.79862976
8095000	-102.7151413
8100000	-103.0212097
8105000	-98.90447998
8110000	-104.5438232
8115000	-98.85389709
8120000	-106.3255692
8125000	-102.9059219
8130000	-104.1777039
8135000	-97.27859497
8140000	-107.8250198
8145000	-101.6480865
8150000	-104.8480988
8155000	-101.6888199
8160000	-100.7793732
8165000	-105.2701645
8170000	-91.74948883
8175000	-98.75908661
8180000	-100.4139099
8185000	-105.5848312
8190000	-99.06520081
8195000	-103.3973389
8200000	-101.6015854
8205000	-107.3504333
8210000	-103.2403412
8215000	-101.559906
8220000	-95.62489319
8225000	-103.6204071
8230000	-96.76747131
8235000	-104.5284653
8240000	-101.1675873
8245000	-101.5244904
8250000	-98.79802704
8255000	-102.6400909
8260000	-96.12844849
8265000	-95.28715515
8270000	-97.95870972
8275000	-101.1798248
8280000	-104.4012451
8285000	-101.2815399
8290000	-103.2289047
8295000	-112.3578186
8300000	-110.2035522
8305000	-100.5731964
8310000	-99.16888428
8315000	-98.89619446
8320000	-93.59480286
8325000	-104.2800293
8330000	-101.5270844
8335000	-97.57685852
8340000	-102.239975
8345000	-99.20903015
8350000	-98.37454224
8355000	-94.14359283
8360000	-108.9609985
8365000	-97.29736328
8370000	-91.63381958
8375000	-102.1137772
8380000	-96.83891296
8385000	-107.4953308
8390000	-93.98080444
8395000	-99.50953674
8400000	-96.45831299
8405000	-97.61296082
8410000	-93.92887878
8415000	-106.4304962
8420000	-98.69949341
8425000	-98.25106812
8430000	-98.86754608
8435000	-105.1129074
8440000	-102.1518021
8445000	-95.71011353
8450000	-99.45602417
8455000	-94.70941925
8460000	-97.53022766
8465000	-104.9508286
8470000	-95.33454895
8475000	-101.9658661
8480000	-99.60788727
8485000	-99.00999451
8490000	-103.8410797
8495000	-103.089798
8500000	-109.570282
8505000	-111.3626862
8510000	-107.840271
8515000	-101.3610077
8520000	-92.11793518
8525000	-95.19582367
8530000	-99.39883423
8535000	-98.65402985
8540000	-96.71554565
8545000	-96.70883179
8550000	-100.1769867
8555000	-101.1314392
8560000	-91.75439453
8565000	-96.89146423
8570000	-98.60128784
8575000	-93.11239624
8580000	-94.85587311
8585000	-87.23999023
8590000	-102.754364
8595000	-99.81349945
8600000	-94.27767944
8605000	-102.8333893
8610000	-102.0629807
8615000	-96.45089722
8620000	-108.3502045
8625000	-97.22323608
8630000	-99.3495636
8635000	-103.3126984
8640000	-95.10297394
8645000	-101.9862518
8650000	-99.79950714
8655000	-103.7708969
8660000	-102.5574951
8665000	-106.353363
8670000	-101.4843445
8675000	-101.565155
8680000	-95.20928955
8685000	-104.0667877
8690000	-98.12565613
8695000	-102.1940002
8700000	-95.6943512
8705000	-102.07267
8710000	-101.574295
8715000	-106.4397736
8720000	-92.84996796
8725000	-100.1674347
8730000	-98.6421051
8735000	-96.77140045
8740000	-102.5391541
8745000	-90.58688354
8750000	-103.0763321
8755000	-94.65306091
8760000	-93.47994232
8765000	-108.7797699
8770000	-96.02915192
8775000	-100.4026108
8780000	-99.5682373
8785000	-106.9277725
8790000	-100.9443359
8795000	-94.80697632
8800000	-91.32922363
8805000	-94.40032959
8810000	-100.7379074
8815000	-97.52841949
8820000	-102.478157
8825000	-100.6766357
8830000	-105.0190887
8835000	-111.3343506
8840000	-103.6128464
8845000	-107.9566803
8850000	-102.9481888
8855000	-101.771431
8860000	-104.9234695
8865000	-102.1442108
8870000	-103.1177979
8875000	-105.2575684
8880000	-97.1338501
8885000	-103.5792618
8890000	-105.2099075
8895000	-105.2891464
8900000	-101.6653137
8905000	-104.0018005
8910000	-97.04093933
8915000	-99.67053986
8920000	-104.8405991
8925000	-89.66099548
8930000	-98.70584869
8935000	-99.70036316
8940000	-101.0368652
8945000	-101.3840179
8950000	-104.0866013
8955000	-106.7129364
8960000	-96.03450012
8965000	-103.7698059
8970000	-100.6128387
8975000	-101.1379166
8980000	-102.2042313
8985000	-104.7030334
8990000	-107.7575989
8995000	-97.96624756
9000000	-100.4342041
9005000	-96.13763428
9010000	-101.597496
9015000	-99.4928894
9020000	-104.9116821
9025000	-101.876297
9030000	-101.912384
9035000	-96.26828766
9040000	-97.78973389
9045000	-103.7944336
9050000	-103.6104736
9055000	-97.8604126
9060000	-91.06314087
9065000	-99.90220642
9070000	-103.7997437
9075000	-106.7453918
9080000	-100.6678391
9085000	-99.84944916
9090000	-99.10717773
9095000	-96.60150146
9100000	-96.69848633
9105000	-98.99304199
9110000	-98.75022888
9115000	-102.7327118
9120000	-101.3927612
9125000	-96.35860443
9130000	-102.5534744
9135000	-101.0643768
9140000	-107.6493225
9145000	-99.82719421
9150000	-100.4471283
9155000	-97.01572418
9160000	-97.21513367
9165000	-103.0403976
9170000	-110.6820297
9175000	-109.3019714
9180000	-103.1481934
9185000	-99.90112305
9190000	-104.427803
9195000	-99.34017944
9200000	-101.6054077
9205000	-97.94007874
9210000	-99.05224609
9215000	-100.703598
9220000	-98.75849915
9225000	-93.07653809
9230000	-102.5818939
9235000	-103.0786667
9240000	-102.8931122
9245000	-99.5528717
9250000	-103.961792
9255000	-96.18914795
9260000	-100.9260406
9265000	-101.1567001
9270000	-101.585495
9275000	-100.4373932
9280000	-105.5442352
9285000	-102.7668686
9290000	-105.135849
9295000	-94.09907532
9300000	-101.3305588
9305000	-102.4945984
9310000	-103.0450439
9315000	-96.93670654
9320000	-96.61678314
9325000	-101.6544647
9330000	-99.57603455
9335000	-96.75814819
9340000	-100.7852325
9345000	-100.6832962
9350000	-93.16096497
9355000	-106.9474792
9360000	-97.92640686
9365000	-102.7717819
9370000	-101.6338043
9375000	-107.9672699
9380000	-98.14437103
9385000	-104.1527405
9390000	-105.7134399
9395000	-104.1958618
9400000	-103.8784485
9405000	-93.48326874
9410000	-94.83639526
9415000	-91.84161377
9420000	-102.9159546
9425000	-100.3724518
9430000	-94.57925415
9435000	-98.69470215
9440000	-104.4774323
9445000	-102.6530075
9450000	-99.38139343
9455000	-89.30613708
9460000	-102.2606888
9465000	-104.5192947
9470000	-99.60951996
9475000	-106.541748
9480000	-94.34804535
9485000	-96.01190948
9490000	-92.70522308
9495000	-98.91559601
9500000	-98.27760315
9505000	-99.21111298
9510000	-94.12091827
9515000	-103.1070175
9520000	-104.8104782
9525000	-103.0170364
9530000	-99.07550049
9535000	-94.22406006
9540000	-103.0191498
9545000	-103.1276398
9550000	-98.11405945
9555000	-96.74752045
9560000	-95.91706848
9565000	-99.66651917
9570000	-101.5864563
9575000	-105.1755524
9580000	-96.87387085
9585000	-100.0044937
9590000	-104.2524567
9595000	-90.37571716
9600000	-105.9541626
9605000	-105.8190155
9610000	-103.2200241
9615000	-89.75360107
9620000	-106.8443146
9625000	-102.1646576
9630000	-103.5058289
9635000	-102.1811142
9640000	-98.63452148
9645000	-103.8291016
9650000	-100.58564
9655000	-93.98812866
9660000	-101.5016708
9665000	-100.6573868
9670000	-95.92862701
9675000	-99.58579254
9680000	-92.76111603
9685000	-104.247261
9690000	-106.3470154
9695000	-102.866806
9700000	-104.393158
9705000	-94.62683868
9710000	-107.3106384
9715000	-94.15080261
9720000	-99.12031555
9725000	-96.54825592
9730000	-97.73796844
9735000	-104.6537323
9740000	-95.31002045
9745000	-111.4278564
9750000	-102.1165848
9755000	-103.1146393
9760000	-112.4860992
9765000	-105.3124542
9770000	-107.2245789
9775000	-99.82980347
9780000	-98.66212463
9785000	-95.30622101
9790000	-97.7171936
9795000	-106.9252319
9800000	-101.6856003
9805000	-97.26347351
9810000	-102.7882538
9815000	-97.44982147
9820000	-107.5424347
9825000	-96.20788574
9830000	-95.1330719
9835000	-109.802948
9840000	-105.8113403
9845000	-98.91299438
9850000	-98.60345459
9855000	-98.17681122
9860000	-81.46600342
9865000	-98.24500275
9870000	-99.40950012
9875000	-99.43678284
9880000	-105.4355698
9885000	-98.68079376
9890000	-110.5980911
9895000	-105.7422485
9900000	-96.39437103
9905000	-99.05091858
9910000	-107.1647949
9915000	-101.4340057
9920000	-103.9450684
9925000	-99.76789093
9930000	-105.0633392
9935000	-103.1315613
9940000	-94.58172607
9945000	-105.9235611
9950000	-98.64044189
9955000	-98.00520325
9960000	-102.8211823
9965000	-104.2047882
9970000	-97.56427765
9975000	-97.14459229
9980000	-104.4678879
9985000	-97.23818207
9990000	-98.84927368
9995000	-109.1181335
10000000	-110.6064301
10005000	-103.6006012
10010000	-100.0872345
10015000	-101.7624359
10020000	-99.70307922
10025000	-100.4711075
10030000	-103.5720062
10035000	-95.40895844
10040000	-98.04148102
10045000	-96.6275177
10050000	-103.6709671
10055000	-102.5452881
10060000	-96.24542236
10065000	-102.236702
10070000	-107.4067154
10075000	-103.9690247
10080000	-103.1031342
10085000	-99.66673279
10090000	-101.725296
10095000	-100.4941559
10100000	-107.6998062
10105000	-102.755249
10110000	-106.6460724
10115000	-98.14593506
10120000	-106.9412537
10125000	-101.1270905
10130000	-106.2666702
10135000	-102.1427994
10140000	-104.6578903
10145000	-105.1016083
10150000	-105.2907486
10155000	-102.6470032
10160000	-96.35680389
10165000	-97.93411255
10170000	-101.9801483
10175000	-98.79743958
10180000	-95.50976562
10185000	-99.29174805
10190000	-102.5632172
10195000	-101.5088348
10200000	-101.9116364
10205000	-98.24137115
10210000	-105.9834137
10215000	-96.75680542
10220000	-101.9776306
10225000	-103.8355865
10230000	-98.40406036
10235000	-102.9287109
10240000	-98.92653656
10245000	-94.41778564
10250000	-103.1467896
10255000	-93.90800476
10260000	-96.6000824
10265000	-99.34535217
10270000	-100.3160248
10275000	-99.54859161
10280000	-98.23634338
10285000	-94.17921448
10290000	-101.125
10295000	-92.75418091
10300000	-94.55319214
10305000	-102.6513214
10310000	-99.74491882
10315000	-105.1704559
10320000	-102.0504761
10325000	-93.01551819
10330000	-98.15438843
10335000	-101.1245499
10340000	-100.5473633
10345000	-97.76460266
10350000	-102.2793961
10355000	-101.3610687
10360000	-100.1932068
10365000	-102.3107147
10370000	-100.5986557
10375000	-96.71014404
10380000	-99.22886658
10385000	-97.62913513
10390000	-99.34947205
10395000	-102.4076004
10400000	-105.0920715
10405000	-105.4349899
10410000	-98.23397064
10415000	-103.0817108
10420000	-102.2514877
10425000	-94.731987
10430000	-103.1219711
10435000	-97.0684967
10440000	-95.79476929
10445000	-104.6504517
10450000	-101.4248352
10455000	-100.2443237
10460000	-97.78951263
10465000	-100.6568985
10470000	-99.86027527
10475000	-95.96868134
10480000	-97.88841248
10485000	-97.94161987
10490000	-105.9993439
10495000	-106.8352509
10500000	-110.2994766
10505000	-90.91586304
10510000	-93.33332825
10515000	-107.1274185
10520000	-103.2870102
10525000	-106.756752
10530000	-99.35658264
10535000	-102.5817108
10540000	-100.1372375
10545000	-99.52845764
10550000	-94.54065704
10555000	-100.049118
10560000	-103.2275391
10565000	-105.1771698
10570000	-95.01673889
10575000	-104.6430511
10580000	-101.8815765
10585000	-97.49532318
10590000	-95.25319672
10595000	-103.0493774
10600000	-98.5557785
10605000	-105.8632965
10610000	-98.62134552
10615000	-105.6356277
10620000	-85.78718567
10625000	-96.28304291
10630000	-97.39416504
10635000	-102.8680649
10640000	-104.7936859
10645000	-100.5165405
10650000	-102.6608887
10655000	-99.34461975
10660000	-106.4094086
10665000	-104.4290085
10670000	-100.5921783
10675000	-93.88845825
10680000	-90.83572388
10685000	-96.93954468
10690000	-96.18222046
10695000	-108.7997437
10700000	-96.79006958
10705000	-105.374176
10710000	-105.3605423
10715000	-99.41630554
10720000	-99.16057587
10725000	-103.9309082
10730000	-102.1489716
10735000	-100.2426453
10740000	-105.030304
10745000	-104.0339508
10750000	-98.57048035
10755000	-100.5007935
10760000	-99.86717987
10765000	-101.3920288
10770000	-103.4871216
10775000	-104.8787231
10780000	-96.9225769
10785000	-98.79710388
10790000	-96.2924881
10795000	-105.3856888
10800000	-98.08672333
10805000	-93.57460022
10810000	-95.6497345
10815000	-96.07257843
10820000	-100.2984467
10825000	-101.0653915
10830000	-98.53193665
10835000	-103.8053894
10840000	-95.65755463
10845000	-106.6987076
10850000	-106.8911285
10855000	-105.2483978
10860000	-106.1808929
10865000	-99.45145416
10870000	-97.54134369
10875000	-102.552742
10880000	-96.94287109
10885000	-101.0898132
10890000	-103.6009369
10895000	-94.86514282
10900000	-95.4834137
10905000	-98.09391785
10910000	-94.38843536
10915000	-105.9061508
10920000	-95.58917236
10925000	-102.6127396
10930000	-91.12548828
10935000	-101.9436035
10940000	-100.0997314
10945000	-98.25286102
10950000	-101.6459274
10955000	-97.54355621
10960000	-105.1684647
10965000	-95.4529953
10970000	-99.6528244
10975000	-106.085289
10980000	-101.8330688
10985000	-95.87889862
10990000	-97.32284546
10995000	-94.54869843
11000000	-99.62132263
11005000	-98.57559204
11010000	-91.81832886
11015000	-101.8167877
11020000	-104.7636871
11025000	-102.2866211
11030000	-106.3611221
11035000	-103.9245148
11040000	-100.0587692
11045000	-98.29193878
11050000	-105.4234467
11055000	-100.4332275
11060000	-102.1569061
11065000	-103.1081543
11070000	-93.08229828
11075000	-104.6162872
11080000	-101.5158234
11085000	-100.4936523
11090000	-95.66526794
11095000	-99.48721313
11100000	-98.58890533
11105000	-102.7435532
11110000	-106.1887054
11115000	-97.79627991
11120000	-99.62994385
11125000	-104.6592407
11130000	-105.0365372
11135000	-102.0657043
11140000	-106.6762695
11145000	-103.0838852
11150000	-103.3986511
11155000	-103.813797
11160000	-95.56552887
11165000	-100.6138153
11170000	-99.70449829
11175000	-96.96924591
11180000	-96.06051636
11185000	-95.69778442
11190000	-108.3607483
11195000	-97.40388489
11200000	-94.222229
11205000	-98.9341507
11210000	-106.2768402
11215000	-100.6561508
11220000	-99.94726562
11225000	-94.30626678
11230000	-102.2110443
11235000	-102.9686508
11240000	-104.1754379
11245000	-98.20313263
11250000	-106.8038254
11255000	-92.51165771
11260000	-101.9234161
11265000	-103.2143707
11270000	-104.9637833
11275000	-102.2748108
11280000	-104.4657593
11285000	-103.029129
11290000	-104.3156357
11295000	-92.51359558
11300000	-102.426712
11305000	-96.24845123
11310000	-100.7516937
11315000	-103.0839691
11320000	-102.3383331
11325000	-104.4069519
11330000	-95.76504517
11335000	-102.7783966
11340000	-89.99729156
11345000	-99.79336548
11350000	-93.49577332
11355000	-101.1806335
11360000	-97.17414856
11365000	-99.06680298
11370000	-104.6457901
11375000	-103.2986603
11380000	-97.2651825
11385000	-102.9807053
11390000	-100.9124756
11395000	-99.31402588
11400000	-106.8366623
11405000	-104.437973
11410000	-103.6373825
11415000	-104.2100296
11420000	-101.5431137
11425000	-104.2909546
11430000	-95.06896973
11435000	-97.42163086
11440000	-102.0389099
11445000	-101.0435333
11450000	-105.3397217
11455000	-105.5743103
11460000	-96.86250305
11465000	-108.6231918
11470000	-100.3936081
11475000	-103.4601898
11480000	-99.11721039
11485000	-103.4537354
11490000	-87.70111084
11495000	-105.9839325
11500000	-102.4820023
11505000	-97.2049408
11510000	-105.7265854
11515000	-102.4968262
11520000	-101.6203156
11525000	-104.1184845
11530000	-104.6232605
11535000	-102.755722
11540000	-102.0702209
11545000	-100.0754166
11550000	-97.95935822
11555000	-96.64707947
11560000	-104.3256226
11565000	-103.3926163
11570000	-99.53396606
11575000	-97.21162415
11580000	-99.40629578
11585000	-99.99829102
11590000	-92.49577332
11595000	-106.9925079
11600000	-99.66252136
11605000	-103.7863159
11610000	-104.6026688
11615000	-101.9629745
11620000	-107.1103745
11625000	-102.8793945
11630000	-106.3185577
11635000	-97.62893677
11640000	-98.64549255
11645000	-102.9282684
11650000	-99.3104248
11655000	-102.5169067
11660000	-106.8943024
11665000	-107.506279
11670000	-95.15234375
11675000	-95.00318909
11680000	-100.7639084
11685000	-91.90558624
11690000	-104.2452774
11695000	-98.36029816
11700000	-100.1102829
11705000	-100.1463852
11710000	-93.93830872
11715000	-103.5632095
11720000	-100.4482651
11725000	-101.3676071
11730000	-99.37046814
11735000	-95.37124634
11740000	-94.13899994
11745000	-98.84661102
11750000	-105.4239578
11755000	-102.5365143
11760000	-102.2048645
11765000	-102.3445587
11770000	-102.8503876
11775000	-92.64688873
11780000	-102.7345428
11785000	-94.23155212
11790000	-97.22872925
11795000	-105.5713654
11800000	-100.8020096
11805000	-93.84867096
11810000	-101.0825653
11815000	-98.87005615
11820000	-91.83777618
11825000	-100.4126587
11830000	-96.34591675
11835000	-101.6216583
11840000	-100.7860107
11845000	-102.0174942
11850000	-101.4364014
11855000	-97.77453613
11860000	-107.5012817
11865000	-91.74565887
11870000	-97.54702759
11875000	-100.55233
11880000	-93.60314941
11885000	-97.79846191
11890000	-93.34378052
11895000	-98.90715027
11900000	-101.8683624
11905000	-100.5819092
11910000	-107.7467651
11915000	-93.97529602
11920000	-98.09355927
11925000	-103.7304382
11930000	-100.3648987
11935000	-91.15670013
11940000	-99.36972046
11945000	-102.9926682
11950000	-94.30715942
11955000	-105.6692657
11960000	-95.46192932
11965000	-105.4572601
11970000	-95.036026
11975000	-98.79763031
11980000	-101.6093597
11985000	-102.4738083
11990000	-103.7986755
11995000	-102.4070129
12000000	-97.54107666
12005000	-103.1987381
12010000	-102.4749527
12015000	-107.902771
12020000	-101.1422882
12025000	-107.4195862
12030000	-95.81819916
12035000	-101.8927231
12040000	-103.4118652
12045000	-104.1611633
12050000	-99.16497803
12055000	-100.7703247
12060000	-108.0375366
12065000	-107.3605804
12070000	-94.60566711
12075000	-104.9781876
12080000	-97.12191772
12085000	-100.2879333
12090000	-100.9769516
12095000	-99.35720825
12100000	-97.84893036
12105000	-102.2331238
12110000	-104.2802277
12115000	-105.1823349
12120000	-102.0750427
12125000	-98.68831635
12130000	-102.6300812
12135000	-107.6705017
12140000	-108.2372894
12145000	-100.598938
12150000	-102.709465
12155000	-100.2446365
12160000	-98.07575989
12165000	-100.2403488
12170000	-99.69165039
12175000	-99.59365845
12180000	-101.7784424
12185000	-108.1536102
12190000	-101.465889
12195000	-101.9981689
12200000	-95.55134583
12205000	-97.47994232
12210000	-97.21285248
12215000	-102.9194107
12220000	-100.0982285
12225000	-99.56997681
12230000	-104.2869568
12235000	-107.2778473
12240000	-100.5180359
12245000	-93.6750412
12250000	-97.91165161
12255000	-102.7951355
12260000	-108.4846115
12265000	-98.00254822
12270000	-100.2287216
12275000	-94.78964233
12280000	-104.1079254
12285000	-99.22024536
12290000	-102.8241043
12295000	-99.99110413
12300000	-101.950592
12305000	-95.9420166
12310000	-99.99105835
12315000	-100.8743362
12320000	-100.5204086
12325000	-102.7469635
12330000	-100.731514
12335000	-105.1704407
12340000	-105.9014587
12345000	-105.6588287
12350000	-95.61804199
12355000	-96.75663757
12360000	-100.918869
12365000	-93.38172913
12370000	-104.6046143
12375000	-99.14717102
12380000	-95.98199463
12385000	-106.131073
12390000	-100.7331696
12395000	-104.1305466
12400000	-98.18241119
12405000	-103.9669037
12410000	-94.52548218
12415000	-95.90103149
12420000	-90.06121063
12425000	-100.303772
12430000	-99.41390991
12435000	-109.0517883
12440000	-94.67855835
12445000	-103.4612274
12450000	-103.0122375
12455000	-101.5946198
12460000	-95.57543945
12465000	-102.5069427
12470000	-95.88363647
12475000	-104.7802582
12480000	-108.7758255
12485000	-95.77674866
12490000	-106.1366272
12495000	-102.2652817
12500000	-96.85166931
12505000	-100.3087311
12510000	-99.98075867
12515000	-101.5505066
12520000	-99.31780243
12525000	-103.5136261
12530000	-106.2831268
12535000	-100.2531281
12540000	-101.5149536
12545000	-104.5009308
12550000	-98.49363708
12555000	-95.5975647
12560000	-98.20924377
12565000	-102.4954681
12570000	-103.1099091
12575000	-101.1221466
12580000	-102.2601089
12585000	-101.9009399
12590000	-97.30830383
12595000	-101.9777222
12600000	-105.2551041
12605000	-107.8488464
12610000	-104.079361
12615000	-100.1894989
12620000	-103.1418304
12625000	-101.1383667
12630000	-99.43782043
12635000	-100.7593918
12640000	-99.68942261
12645000	-103.9940033
12650000	-98.39691925
12655000	-103.1754913
12660000	-108.1198883
12665000	-100.6305084
12670000	-102.3426971
12675000	-99.12661743
12680000	-107.677948
12685000	-100.6417847
12690000	-98.32089233
12695000	-92.08344269
12700000	-108.8023376
12705000	-105.9047699
12710000	-102.0849304
12715000	-98.22699738
12720000	-104.0210876
12725000	-101.3767929
12730000	-103.2331238
12735000	-103.5497208
12740000	-105.299263
12745000	-102.6006775
12750000	-93.70702362
12755000	-96.54512024
12760000	-101.8041306
12765000	-95.22109985
12770000	-105.565773
12775000	-97.17138672
12780000	-104.8719177
12785000	-104.5983429
12790000	-100.8094482
12795000	-97.4337616
12800000	-105.3824463
12805000	-97.06676483
12810000	-101.625412
12815000	-104.6049423
12820000	-100.3199997
12825000	-101.8223877
12830000	-102.4267654
12835000	-102.411911
12840000	-101.7757034
12845000	-97.94654846
12850000	-100.4954147
12855000	-102.010994
12860000	-101.1594315
12865000	-104.2626648
12870000	-100.678009
12875000	-100.9354706
12880000	-98.26734924
12885000	-95.64164734
12890000	-100.7287674
12895000	-98.84671783
12900000	-101.8286819
12905000	-109.3164444
12910000	-101.0412216
12915000	-103.361145
12920000	-102.4832611
12925000	-102.1477356
12930000	-98.81555939
12935000	-96.43061829
12940000	-91.90156555
12945000	-95.58224487
12950000	-100.6034546
12955000	-100.7163239
12960000	-103.9545441
12965000	-100.7438126
12970000	-101.5269547
12975000	-99.26417542
12980000	-101.0457611
12985000	-100.4277344
12990000	-96.17861938
12995000	-100.0269623
13000000	-104.8368607
13005000	-95.97558594
13010000	-106.9640656
13015000	-103.9026871
13020000	-107.272049
13025000	-105.2272644
13030000	-99.70321655
13035000	-96.05080414
13040000	-99.87767029
13045000	-103.0267639
13050000	-98.44851685
13055000	-104.5250092
13060000	-99.13757324
13065000	-101.0617371
13070000	-94.01020813
13075000	-104.2415619
13080000	-104.1370392
13085000	-101.3029022
13090000	-108.0943604
13095000	-101.9074554
13100000	-92.61383057
13105000	-101.0198059
13110000	-93.69602966
13115000	-97.55781555
13120000	-102.2600708
13125000	-96.08317566
13130000	-100.7837677
13135000	-97.30594635
13140000	-107.8158264
13145000	-108.1318436
13150000	-103.3123169
13155000	-99.74874115
13160000	-102.7740784
13165000	-102.77211
13170000	-100.9643784
13175000	-99.58573914
13180000	-97.61328125
13185000	-96.6397171
13190000	-105.1828461
13195000	-98.76011658
13200000	-101.2383575
13205000	-99.68714142
13210000	-103.4568481
13215000	-106.2635269
13220000	-101.831665
13225000	-104.5002289
13230000	-98.38677979
13235000	-107.634697
13240000	-99.92010498
13245000	-105.2981415
13250000	-103.8454132
13255000	-102.4175415
13260000	-103.7745056
13265000	-98.69979858
13270000	-95.80389404
13275000	-100.6279755
13280000	-107.3780975
13285000	-101.6466827
13290000	-96.31755066
13295000	-103.5935211
13300000	-106.1343002
13305000	-103.1075974
13310000	-98.47271729
13315000	-98.59432983
13320000	-96.79628754
13325000	-103.9360275
13330000	-111.2907486
13335000	-104.6613312
13340000	-102.1800537
13345000	-99.20189667
13350000	-99.11865997
13355000	-95.30207825
13360000	-93.52696228
13365000	-99.67739868
13370000	-99.99092102
13375000	-104.9853516
13380000	-101.9683456
13385000	-99.06297302
13390000	-102.7903595
13395000	-106.1072922
13400000	-99.47119141
13405000	-95.99022675
13410000	-93.78617096
13415000	-100.4602203
13420000	-104.0177307
13425000	-99.40621948
13430000	-107.2710037
13435000	-92.37037659
13440000	-94.48805237
13445000	-98.81938171
13450000	-101.7999725
13455000	-100.5957336
13460000	-96.89649963
13465000	-109.184494
13470000	-98.74941254
13475000	-99.52549744
13480000	-105.3919373
13485000	-103.7929993
13490000	-100.6222839
13495000	-99.75450134
13500000	-98.46490479
13505000	-101.6737976
13510000	-98.55883789
13515000	-96.32266998
13520000	-94.86816406
13525000	-96.81021118
13530000	-104.3693924
13535000	-105.7413483
13540000	-98.2071228
13545000	-97.32161713
13550000	-96.14704895
13555000	-97.24079132
13560000	-97.2019043
13565000	-107.3986893
13570000	-103.33992
13575000	-100.3095398
13580000	-104.6016846
13585000	-98.82902527
13590000	-105.1507111
13595000	-108.2671967
13600000	-102.375351
13605000	-102.1528625
13610000	-107.3396225
13615000	-101.2020493
13620000	-103.1811371
13625000	-106.9075928
13630000	-99.97111511
13635000	-102.5796661
13640000	-103.089241
13645000	-104.8471527
13650000	-87.77940369
13655000	-94.59063721
13660000	-106.1669617
13665000	-104.8662262
13670000	-99.28208923
13675000	-102.3636932
13680000	-98.25235748
13685000	-94.46253967
13690000	-96.55356598
13695000	-95.47570038
13700000	-100.9700241
13705000	-104.4940872
13710000	-106.2637634
13715000	-107.6665115
13720000	-98.63516235
13725000	-99.29027557
13730000	-94.91888428
13735000	-96.98882294
13740000	-99.95530701
13745000	-102.1920319
13750000	-96.06498718
13755000	-95.44561005
13760000	-101.0819092
13765000	-98.9462738
13770000	-92.66207123
13775000	-88.69033813
13780000	-102.8988419
13785000	-93.96179199
13790000	-100.4875336
13795000	-101.7974854
13800000	-106.3402252
13805000	-110.0365295
13810000	-102.0243378
13815000	-100.6847382
13820000	-105.8657227
13825000	-98.57168579
13830000	-99.94172668
13835000	-101.1354599
13840000	-94.21124268
13845000	-104.2707672
13850000	-101.3234482
13855000	-104.1036835
13860000	-104.1621094
13865000	-100.5870438
13870000	-102.7146301
13875000	-102.9929962
13880000	-100.4902191
13885000	-98.97842407
13890000	-102.6149445
13895000	-90.24004364
13900000	-108.7891083
13905000	-98.96575928
13910000	-106.3540955
13915000	-104.7661896
13920000	-100.210701
13925000	-105.8481522
13930000	-95.93559265
13935000	-105.6586761
13940000	-99.61334229
13945000	-96.7907486
13950000	-99.63082123
13955000	-96.78666687
13960000	-101.9950562
13965000	-104.4261932
13970000	-101.7737427
13975000	-102.9403076
13980000	-103.5583954
13985000	-93.22211456
13990000	-89.07771301
13995000	-99.9677124
14000000	-102.9096756
14005000	-102.6424561
14010000	-98.25093842
14015000	-102.9877167
14020000	-108.1419373
14025000	-99.22816467
14030000	-100.388031
14035000	-103.8877258
14040000	-106.1229858
14045000	-96.89795685
14050000	-96.48529816
14055000	-107.8708038
14060000	-98.58139038
14065000	-99.62123108
14070000	-91.66377258
14075000	-98.60929871
14080000	-99.7911377
14085000	-97.12824249
14090000	-103.5098801
14095000	-106.5746689
14100000	-103.4073944
14105000	-106.4050903
14110000	-98.19810486
14115000	-101.7945709
14120000	-94.81673431
14125000	-94.12034607
14130000	-94.50313568
14135000	-98.86883545
14140000	-96.80760193
14145000	-98.45788574
14150000	-102.4852371
14155000	-103.2633972
14160000	-96.59515381
14165000	-105.357193
14170000	-96.55979919
14175000	-102.8286743
14180000	-102.4941864
14185000	-102.0809555
14190000	-100.9230042
14195000	-102.7499695
14200000	-106.8650208
14205000	-101.7433167
14210000	-98.14611816
14215000	-105.3478699
14220000	-91.47218323
14225000	-96.82309723
14230000	-98.92082214
14235000	-102.4174042
14240000	-97.09622192
14245000	-102.0213318
14250000	-95.05919647
14255000	-106.2182846
14260000	-102.2322083
14265000	-102.2696762
14270000	-96.68133545
14275000	-107.3704376
14280000	-102.8389435
14285000	-102.1688614
14290000	-99.63179016
14295000	-104.8251953
14300000	-101.8554459
14305000	-91.35171509
14310000	-102.0474548
14315000	-99.25245667
14320000	-100.9164276
14325000	-98.65553284
14330000	-101.728302
14335000	-102.2662735
14340000	-103.4629211
14345000	-94.5995636
14350000	-102.4438477
14355000	-97.09794617
14360000	-108.1623383
14365000	-101.9022522
14370000	-100.1977539
14375000	-106.7505493
14380000	-108.0171738
14385000	-102.3802948
14390000	-97.11871338
14395000	-99.81713867
14400000	-103.8907623
14405000	-96.28328705
14410000	-109.5678482
14415000	-104.0560608
14420000	-98.29753113
14425000	-98.69932556
14430000	-101.9695587
14435000	-106.8427277
14440000	-95.08149719
14445000	-100.3702545
14450000	-101.748085
14455000	-96.09073639
14460000	-96.9005127
14465000	-101.2314758
14470000	-99.45951843
14475000	-99.8842392
14480000	-102.9488983
14485000	-93.42736816
14490000	-104.0169296
14495000	-96.29789734
14500000	-103.2732544
14505000	-100.0737305
14510000	-97.83079529
14515000	-99.31178284
14520000	-96.54570007
14525000	-102.323616
14530000	-100.7731781
14535000	-95.03677368
14540000	-93.34601593
14545000	-104.8671112
14550000	-103.1267242
14555000	-108.539917
14560000	-103.5281067
14565000	-100.8138733
14570000	-102.0532608
14575000	-104.6260681
14580000	-96.20063782
14585000	-105.1966858
14590000	-97.75411224
14595000	-94.76417542
14600000	-104.9735565
14605000	-110.185379
14610000	-105.3457565
14615000	-98.07185364
14620000	-104.66185
14625000	-98.80028534
14630000	-105.8543396
14635000	-98.77664185
14640000	-101.0783005
14645000	-104.6664505
14650000	-94.17609406
14655000	-98.68389893
14660000	-98.1650238
14665000	-97.04501343
14670000	-100.13974
14675000	-96.14402008
14680000	-105.3641129
14685000	-103.4872589
14690000	-105.0631485
14695000	-100.8858337
14700000	-98.16009521
14705000	-104.6682587
14710000	-104.2768936
14715000	-108.661087
14720000	-108.9266891
14725000	-100.3818665
14730000	-93.2658844
14735000	-103.4408417
14740000	-104.8421631
14745000	-102.5203934
14750000	-100.3016586
14755000	-96.50296021
14760000	-102.8934021
14765000	-98.93461609
14770000	-102.6076355
14775000	-98.61497498
14780000	-101.9216309
14785000	-104.2576981
14790000	-107.8152313
14795000	-101.3836823
14800000	-105.971283
14805000	-104.4398041
14810000	-105.5464478
14815000	-103.2063141
14820000	-99.3500061
14825000	-97.55696869
14830000	-106.1755371
14835000	-101.5137329
14840000	-95.53234863
14845000	-100.0213165
14850000	-101.8941498
14855000	-100.6483917
14860000	-103.0502777
14865000	-104.8415451
14870000	-103.4022827
14875000	-105.8183517
14880000	-106.5060883
14885000	-97.80055237
14890000	-100.4596405
14895000	-104.999115
14900000	-106.7182693
14905000	-104.0196991
14910000	-107.343689
14915000	-99.25778198
14920000	-101.5665359
14925000	-100.0736847
14930000	-100.1083527
14935000	-109.0054016
14940000	-99.65441895
14945000	-108.6599121
14950000	-107.0530548
14955000	-110.4902878
14960000	-99.61737061
14965000	-101.5254745
14970000	-109.7302475
14975000	-100.0945282
14980000	-94.0399704
14985000	-102.6082535
14990000	-103.9590836
14995000	-99.85211182
