timestep	potential_energy
0	40757.98047
5000	-2062.607422
10000	-2645.796387
15000	-2802.400146
20000	-2862.116211
25000	-2948.203125
30000	-3050.133301
35000	-3080.568604
40000	-3045.304688
45000	-2843.450195
50000	-3035.263428
55000	-2912.860107
60000	-2918.655762
65000	-2932.685059
70000	-3008.693359
75000	-3004.192871
80000	-3010.876953
85000	-3100.821777
90000	-3078.416992
95000	-3084.226562
100000	-3130.370117
105000	-3081.697998
110000	-3097.012207
115000	-3091.682129
120000	-2997.755859
125000	-3048.727295
130000	-3032.906982
135000	-2991.983398
140000	-3175.799316
145000	-3110.725586
150000	-3075.103516
155000	-3031.319824
160000	-3073
165000	-3145.117188
170000	-3047.682861
175000	-3117.230713
180000	-2972.395508
185000	-3094.509766
190000	-2983.575439
195000	-3101.164062
200000	-3075.549072
205000	-2930.465332
210000	-2998.629639
215000	-2940.348145
220000	-2929.676758
225000	-3022.10498
230000	-3135.615723
235000	-3007.648193
240000	-3134.525391
245000	-2981.371094
250000	-2943.47168
255000	-3078.727783
260000	-3122.090088
265000	-3057.869385
270000	-2944.80542
275000	-2956.77002
280000	-3040.775391
285000	-3145.792236
290000	-3002.029785
295000	-3101.831055
300000	-3089.820801
305000	-2977.715332
310000	-2998.434814
315000	-2997.322266
320000	-2941.693359
325000	-3089.453857
330000	-3124.186035
335000	-2989.332031
340000	-3105.813721
345000	-3056.736816
350000	-2905.117676
355000	-2884.736816
360000	-3023.446045
365000	-2947.477539
370000	-3029.287598
375000	-2969.493164
380000	-2986.404785
385000	-2915.345459
390000	-3014.119141
395000	-3021.108887
400000	-2961.326416
405000	-2927.963379
410000	-3076.631348
415000	-2972.144287
420000	-3009.621338
425000	-2982.950684
430000	-3059.094238
435000	-3109.323242
440000	-2924.024414
445000	-2898.794922
450000	-3027.391113
455000	-3096.664062
460000	-3035.901367
465000	-2945.970215
470000	-2832.277344
475000	-2871.470703
480000	-2845.406738
485000	-2846.748535
490000	-2919.511719
495000	-3040.770996
500000	-3108.978516
505000	-3108.991455
510000	-3025.476562
515000	-3190.181152
520000	-3084.980713
525000	-2970.386719
530000	-3092.731689
535000	-3160.652832
540000	-3019.727539
545000	-3124.030518
550000	-2969.477295
555000	-3025.886475
560000	-3063.562256
565000	-3039.148193
570000	-3176.677734
575000	-3109.003662
580000	-2969.300293
585000	-3069.325684
590000	-3046.016357
595000	-2966.562012
600000	-3063.513672
605000	-3058.143066
610000	-3127.623047
615000	-3201.671387
620000	-3122.63208
625000	-2958.060059
630000	-3087.03125
635000	-3000.64624
640000	-3039.719238
645000	-3182.324707
650000	-3003.618652
655000	-3087.041992
660000	-2992.017578
665000	-3124.682129
670000	-3048.90332
675000	-2939.333008
680000	-3017.663818
685000	-3059.334717
690000	-3133.912354
695000	-3121.684326
700000	-3006.916992
705000	-3126.389648
710000	-3057.973633
715000	-3041.903076
720000	-2945.460938
725000	-2870.277832
730000	-3005.127441
735000	-2846.658691
740000	-2922.369629
745000	-2926.960205
750000	-2971.228516
755000	-2936.342285
760000	-3014.830322
765000	-3014.544922
770000	-3007.834961
775000	-3065.664795
780000	-2983.030273
785000	-2963.950928
790000	-3044.747314
795000	-3016.503174
800000	-3174.555908
805000	-3058.280762
810000	-3050.397217
815000	-2996.458008
820000	-2954.562012
825000	-2931.257812
830000	-2943.4375
835000	-3034.655273
840000	-3060.00293
845000	-2953.007568
850000	-3042.728271
855000	-3212.164062
860000	-3162.241211
865000	-3097.378418
870000	-3069.303223
875000	-3146.34375
880000	-3188.056641
885000	-3196.67041
890000	-3202.714844
895000	-3000.287598
900000	-3084.472656
905000	-3214.311035
910000	-3109.135254
915000	-2987.093018
920000	-2971.458008
925000	-3050.767822
930000	-3025.34082
935000	-3149.350098
940000	-3100.053223
945000	-3103.90918
950000	-3081.088135
955000	-3122.516846
960000	-3164.764648
965000	-3135.396484
970000	-2996.944092
975000	-3041.705566
980000	-3106.024658
985000	-3068.885742
990000	-3026.616699
995000	-2984.839844
1000000	-3092.604004
1005000	-3145.01709
1010000	-3094.56665
1015000	-3270.907715
1020000	-3085.980469
1025000	-3157.36377
1030000	-3159.154053
1035000	-3142.177246
1040000	-3156.705566
1045000	-3092.51709
1050000	-3200.104004
1055000	-3127.755127
1060000	-3151.251709
1065000	-3125.421875
1070000	-2998.964355
1075000	-2855.260498
1080000	-3054.951172
1085000	-2993.288574
1090000	-3069.426514
1095000	-3019.883301
1100000	-3002.320312
1105000	-3155.792969
1110000	-3061.899902
1115000	-3091.066406
1120000	-2977.980469
1125000	-3012.274902
1130000	-3015.047607
1135000	-2932.612793
1140000	-2912.620605
1145000	-3031.865723
1150000	-2931.0354
1155000	-3011.939453
1160000	-2900.69043
1165000	-2951.304688
1170000	-3028.188477
1175000	-2829.688477
1180000	-2809.996338
1185000	-2824.602783
1190000	-2940.762451
1195000	-2962.281738
1200000	-2981.615479
1205000	-2951.58252
1210000	-3096.858887
1215000	-3031.444824
1220000	-3098.162842
1225000	-3099.79248
1230000	-3110.053955
1235000	-3071.971191
1240000	-3066.710449
1245000	-3116.960449
1250000	-3136.972168
1255000	-3134.025879
1260000	-3026.3479
1265000	-3139.370117
1270000	-3159.414551
1275000	-3117.68457
1280000	-3077.080566
1285000	-3003.229492
1290000	-3092.877441
1295000	-3123.383789
1300000	-3140.764648
1305000	-3042.794434
1310000	-3046.8396
1315000	-3080.678223
1320000	-3091.581787
1325000	-3151.123535
1330000	-3064.243164
1335000	-3107.921387
1340000	-3139.724609
1345000	-2969.841553
1350000	-3010.077881
1355000	-3016.162109
1360000	-3065.714111
1365000	-2931.952393
1370000	-2998.473145
1375000	-3050.981445
1380000	-3126.346191
1385000	-3084.321777
1390000	-3033.937744
1395000	-3011.923828
1400000	-3017.757812
1405000	-2961.100586
1410000	-2943.125
1415000	-2995.352051
1420000	-3034.416504
1425000	-3066.188232
1430000	-3094.621094
1435000	-3017.310547
1440000	-3019.025146
1445000	-3147.477051
1450000	-2968.334473
1455000	-2824.429932
1460000	-2881.325439
1465000	-3040.23584
1470000	-3145.26416
1475000	-3235.342041
1480000	-3016.899414
1485000	-2978.469727
1490000	-2936.587646
1495000	-2952.289551
1500000	-2941.050293
1505000	-2934.398438
1510000	-3126.095215
1515000	-3088.969238
1520000	-3006.750732
1525000	-2981.938965
1530000	-3033.165527
1535000	-3018.498047
1540000	-2934.966309
1545000	-3118.392334
1550000	-3054.021729
1555000	-3119.323242
1560000	-3129.447266
1565000	-3114.472168
1570000	-3158.328125
1575000	-3120.325684
1580000	-3077.054199
1585000	-3050.45166
1590000	-3059.290527
1595000	-2987.181396
1600000	-3000.668457
1605000	-2980.377441
1610000	-3118.772949
1615000	-3152.013916
1620000	-3238.909668
1625000	-3130.987549
1630000	-3137.196289
1635000	-3068.724121
1640000	-3070.547852
1645000	-3108.817383
1650000	-3115.337402
1655000	-3070.822266
1660000	-3039.371582
1665000	-3058.813477
1670000	-3096.280029
1675000	-2988.960449
1680000	-3015.250977
1685000	-3046.274414
1690000	-3199.005371
1695000	-3084.736816
1700000	-3093.280762
1705000	-3052.643066
1710000	-3049.114746
1715000	-2959.251709
1720000	-2946.28125
1725000	-2905.674072
1730000	-2914.590332
1735000	-3033.266113
1740000	-2996.136719
1745000	-3120.750977
1750000	-3007.224609
1755000	-3047.386719
1760000	-3116.562744
1765000	-3092.059082
1770000	-3015.662598
1775000	-3092.154541
1780000	-3036.374512
1785000	-3052.186279
1790000	-3083.400635
1795000	-3109.463379
1800000	-3155.591553
1805000	-3140.956787
1810000	-3058.958984
1815000	-3032.634277
1820000	-3052.95166
1825000	-3114.934082
1830000	-3119.615234
1835000	-3113.378906
1840000	-3114.713867
1845000	-3039.193848
1850000	-3064.360352
1855000	-3103.716309
1860000	-3195.815674
1865000	-3113.430176
1870000	-3124.26123
1875000	-3090.269775
1880000	-3141.730225
1885000	-3022.455078
1890000	-3106.866455
1895000	-3025.790039
1900000	-3054.74585
1905000	-3177.73291
1910000	-3032.703613
1915000	-2977.782227
1920000	-3065.059082
1925000	-3137.643799
1930000	-3073.102051
1935000	-3122.575439
1940000	-3013.37085
1945000	-3015.0625
1950000	-2962.619141
1955000	-3029.018311
1960000	-3109.873291
1965000	-3130.58374
1970000	-3034.547363
1975000	-2954.227783
1980000	-2891.758057
1985000	-2861.585938
1990000	-2984.388672
1995000	-3066.14502
2000000	-3134.725098
2005000	-3050.631836
2010000	-3088.483154
2015000	-3045.114502
2020000	-3052.05957
2025000	-3105.341797
2030000	-3168.686035
2035000	-2971.806152
2040000	-2970.320312
2045000	-2970.161865
2050000	-2958.434082
2055000	-3009.821289
2060000	-3029.625732
2065000	-3017.675781
2070000	-3057.390137
2075000	-2980.51416
2080000	-2923.520996
2085000	-3002.072266
2090000	-2975.513184
2095000	-3029.59668
2100000	-3118.367676
2105000	-3207.169922
2110000	-3206.87207
2115000	-3176.404541
2120000	-3178.554199
2125000	-3097.300293
2130000	-2966.958496
2135000	-3075.146973
2140000	-3157.430664
2145000	-3157.750488
2150000	-3076.979492
2155000	-3038.634766
2160000	-3078.887939
2165000	-2967.463623
2170000	-2990.545898
2175000	-2948.53125
2180000	-3009.852539
2185000	-3194.782715
2190000	-3080.214111
2195000	-3090.583496
2200000	-3132.055664
2205000	-3030.538086
2210000	-3101.739502
2215000	-3075.970215
2220000	-3115.908691
2225000	-3005.726074
2230000	-3076.586426
2235000	-3017.090576
2240000	-3011.800781
2245000	-3097.669678
2250000	-3169.930176
2255000	-3145.804443
2260000	-3056.964355
2265000	-3059.717285
2270000	-3023.16748
2275000	-3065.736328
2280000	-2969.888428
2285000	-3045.993896
2290000	-3039.351074
2295000	-3029.922119
2300000	-3055.933105
2305000	-3039.407227
2310000	-3110.606445
2315000	-3031.535156
2320000	-3117.304688
2325000	-3000.883057
2330000	-3023.67041
2335000	-2898.239258
2340000	-2991.921387
2345000	-2909.791748
2350000	-3006.050049
2355000	-2941.984619
2360000	-2862.986328
2365000	-2964.611572
2370000	-2814.873535
2375000	-2964.716797
2380000	-2956.75
2385000	-2939.988525
2390000	-2921.527832
2395000	-2753.487305
2400000	-2847.245605
2405000	-3015.944336
2410000	-2944.113281
2415000	-3091.652344
2420000	-3025.247559
2425000	-3111.662598
2430000	-3088.35791
2435000	-3001.355957
2440000	-3122.804688
2445000	-3113.724121
2450000	-3164.487793
2455000	-3158.835938
2460000	-3183.76123
2465000	-3120.345215
2470000	-3069.678711
2475000	-3032.029785
2480000	-3009.782959
2485000	-3034.980225
2490000	-3107.285889
2495000	-3163.073975
2500000	-3176.964355
2505000	-3046.196533
2510000	-3124.719727
2515000	-3037.666016
2520000	-3042.869873
2525000	-2973.919922
2530000	-2983.08252
2535000	-3057.134766
2540000	-3137.401611
2545000	-3047.22168
2550000	-3080.212891
2555000	-3033.98584
2560000	-2935.686768
2565000	-2965.678711
2570000	-3108.050781
2575000	-3057.132812
2580000	-3153.621094
2585000	-2989.458496
2590000	-2999.295898
2595000	-3082.272705
2600000	-3113.715088
2605000	-3141.621582
2610000	-3114.15625
2615000	-3051.381104
2620000	-2973.266113
2625000	-2954.025391
2630000	-3001.965088
2635000	-3159.05835
2640000	-3212.272461
2645000	-3085.215088
2650000	-3069.819824
2655000	-3085.136719
2660000	-2974.60498
2665000	-2985.525879
2670000	-3024.057129
2675000	-3088.426514
2680000	-3158.729004
2685000	-2986.949219
2690000	-3038.397217
2695000	-3053.230957
2700000	-2849.757812
2705000	-2984.283203
2710000	-2920.864014
2715000	-2982.929199
2720000	-3065.760742
2725000	-2945.351074
2730000	-3043.849121
2735000	-3054.064941
2740000	-3173.947266
2745000	-3200.383789
2750000	-3221.603516
2755000	-3141.957031
2760000	-3183.075684
2765000	-3104.438965
2770000	-3037.851562
2775000	-3005.300781
2780000	-3084.772217
2785000	-3090.19873
2790000	-3094.374268
2795000	-3065.544189
2800000	-2944.746582
2805000	-2959.658447
2810000	-3116.540283
2815000	-3069
2820000	-3153.0354
2825000	-2884.376221
2830000	-2867.660889
2835000	-3006.450439
2840000	-2967.244629
2845000	-2912.511719
2850000	-2943.892334
2855000	-2986.228516
2860000	-2992.308594
2865000	-3007.727539
2870000	-2989.548828
2875000	-3147.116211
2880000	-3050.652832
2885000	-3131.42334
2890000	-3055.322754
2895000	-3001.84375
2900000	-3096.716797
2905000	-3025.196045
2910000	-3168.725098
2915000	-3165.266113
2920000	-3060.103271
2925000	-3078.699707
2930000	-3085.251465
2935000	-3275.236572
2940000	-3248.079102
2945000	-3214.428467
2950000	-3168.182129
2955000	-3231.052734
2960000	-3030.366211
2965000	-3229.976074
2970000	-3162.493896
2975000	-3127.019287
2980000	-3091.735107
2985000	-3073.472656
2990000	-3073.483887
2995000	-3138.804932
3000000	-3153.199707
3005000	-3126.536133
3010000	-3159.125732
3015000	-3040.617676
3020000	-3055.562012
3025000	-2952.958984
3030000	-3053.137451
3035000	-2926.395996
3040000	-3051.987305
3045000	-2996.473389
3050000	-2973.648926
3055000	-2959.562988
3060000	-2929.274902
3065000	-2965.963867
3070000	-2899.303955
3075000	-2882.250977
3080000	-2888.551025
3085000	-3027.992188
3090000	-2934.256592
3095000	-3018.952637
3100000	-3109.621582
3105000	-3077.781738
3110000	-3055.280273
3115000	-3106.314941
3120000	-3025.835449
3125000	-3106.814697
3130000	-3040.53125
3135000	-2890.326172
3140000	-2994.644287
3145000	-2924.672607
3150000	-3039.82373
3155000	-3104.20874
3160000	-3034.074951
3165000	-3136.563721
3170000	-2985.185547
3175000	-2981.325195
3180000	-3157.664307
3185000	-3208.732178
3190000	-3194.195801
3195000	-3071.956055
3200000	-3264.357422
3205000	-3258.787109
3210000	-3276.231689
3215000	-3216.354492
3220000	-3249.704834
3225000	-3088.318359
3230000	-3136.753418
3235000	-3074.535645
3240000	-2893.876221
3245000	-3046.217041
3250000	-2987.851074
3255000	-2970.946777
3260000	-2963.220215
3265000	-2918.759277
3270000	-2994.533203
3275000	-2943.139893
3280000	-2958.016113
3285000	-2964.237549
3290000	-3165.513916
3295000	-2982.743652
3300000	-3053.706543
3305000	-3095.835449
3310000	-2929.709473
3315000	-2947.770752
3320000	-2970.447754
3325000	-3052.202148
3330000	-3031.208008
3335000	-2970.289551
3340000	-3024.828125
3345000	-2975.710938
3350000	-2994.131104
3355000	-3020.462402
3360000	-3043.586182
3365000	-3077.104248
3370000	-3068.299072
3375000	-3136.241455
3380000	-3148.293457
3385000	-3010.810547
3390000	-2966.745361
3395000	-2939.305908
3400000	-3034.20752
3405000	-3122.966553
3410000	-3129.104492
3415000	-2936.073975
3420000	-2977.549072
3425000	-3041.865479
3430000	-3028.29541
3435000	-3058.578125
3440000	-2973.922363
3445000	-3018.131348
3450000	-3037.67627
3455000	-2996.137207
3460000	-2935.710449
3465000	-2876.812988
3470000	-2941.931641
3475000	-2931.612061
3480000	-2987.042969
3485000	-2991.09375
3490000	-2983.431641
3495000	-2944.477295
3500000	-2951.116455
3505000	-3037.932617
3510000	-3051.30542
3515000	-3057.513184
3520000	-3190.296387
3525000	-3125.964355
3530000	-3070.246826
3535000	-2947.927246
3540000	-2999.929199
3545000	-3011.734863
3550000	-2944.69458
3555000	-3036.984619
3560000	-3034.896973
3565000	-3119.808105
3570000	-3081.454346
3575000	-3246.407715
3580000	-3118.129395
3585000	-3171.220703
3590000	-3117.072998
3595000	-3103.648682
3600000	-3080.824707
3605000	-3128.421387
3610000	-3144.180908
3615000	-3132.817871
3620000	-3228.634277
3625000	-3123.37793
3630000	-3180.404297
3635000	-3119.322266
3640000	-3113.8125
3645000	-3222.213135
3650000	-3137.422852
3655000	-3060.145996
3660000	-3031.18042
3665000	-3046.069336
3670000	-3046.980713
3675000	-3011.818115
3680000	-3062.357178
3685000	-2944.547363
3690000	-2844.641113
3695000	-3051.823242
3700000	-3013.817139
3705000	-3006.212891
3710000	-3263.177979
3715000	-3185.709473
3720000	-3136.108154
3725000	-3069.796387
3730000	-3127.627686
3735000	-3044.644775
3740000	-3067.77832
3745000	-3156.96582
3750000	-3019.044922
3755000	-2971.50293
3760000	-3131.11792
3765000	-3034.072754
3770000	-2976.049805
3775000	-3053.549561
3780000	-3041.863281
3785000	-2942.649902
3790000	-3032.093262
3795000	-2991.924805
3800000	-3073.872559
3805000	-3066.494629
3810000	-3164.475098
3815000	-3082.006836
3820000	-3055.112793
3825000	-3150.77832
3830000	-3070.490234
3835000	-2966.32373
3840000	-3013.381348
3845000	-3117.137695
3850000	-3010.820068
3855000	-3027.374512
3860000	-3028.830566
3865000	-3086.719971
3870000	-3187.854492
3875000	-3165.967773
3880000	-3128.180176
3885000	-3101.663086
3890000	-3035.336426
3895000	-3057.37207
3900000	-3102.992432
3905000	-3080.894531
3910000	-2927.782715
3915000	-2991.975098
3920000	-2928.500977
3925000	-2988.650879
3930000	-3142.580566
3935000	-3088.743652
3940000	-3034.487793
3945000	-3016.895508
3950000	-3146.244629
3955000	-3200.970215
3960000	-3165.480469
3965000	-3156.551025
3970000	-3102.914551
3975000	-3041.291748
3980000	-3132.737793
3985000	-3052.163086
3990000	-2941.838379
3995000	-3017.623291
4000000	-2967.349854
4005000	-3000.251221
4010000	-2977.597412
4015000	-3015.453613
4020000	-2957.316895
4025000	-3096.148926
4030000	-3088.273193
4035000	-3036.549805
4040000	-2971.979492
4045000	-3150.089355
4050000	-3193.59082
4055000	-3011.512207
4060000	-2964.4375
4065000	-3045.175781
4070000	-3092.669922
4075000	-2964.09375
4080000	-3093.234863
4085000	-3045.125488
4090000	-3079.07666
4095000	-2864.86792
4100000	-2985.984375
4105000	-2946.630371
4110000	-2898.589355
4115000	-2876.96875
4120000	-2872.979248
4125000	-2838.018799
4130000	-2954.436279
4135000	-2984.093262
4140000	-2868.868652
4145000	-2996.817383
4150000	-3157.402344
4155000	-3132.216797
4160000	-3052.421875
4165000	-3026.987061
4170000	-2981.285156
4175000	-2861.906006
4180000	-3095.314209
4185000	-2974.965332
4190000	-3108.424072
4195000	-3077.329102
4200000	-3057.610596
4205000	-3043.699707
4210000	-2909.550781
4215000	-3026.423096
4220000	-2960.698242
4225000	-3132.009033
4230000	-3073.781494
4235000	-3190.960205
4240000	-3219.096191
4245000	-3011.979004
4250000	-3112.042725
4255000	-2950.812256
4260000	-2915.571777
4265000	-3058.058105
4270000	-3272.220215
4275000	-3257.833984
4280000	-3187.512207
4285000	-3145.80127
4290000	-3056.444092
4295000	-3107.936523
4300000	-3071.84375
4305000	-3081.553223
4310000	-3096.005371
4315000	-3091.234863
4320000	-3215.415039
4325000	-3072.288574
4330000	-3149.612305
4335000	-2998.064453
4340000	-3000.812988
4345000	-3012.632324
4350000	-2936.94751
4355000	-3035.770264
4360000	-3098.841309
4365000	-3061.737061
4370000	-3051.864746
4375000	-3091.467285
4380000	-3093.379883
4385000	-3111.05957
4390000	-3227.836914
4395000	-3092.146484
4400000	-3108.447754
4405000	-3184.758301
4410000	-2996.501709
4415000	-3035.380371
4420000	-2895.17041
4425000	-3003.225586
4430000	-3039.922363
4435000	-3120.095703
4440000	-3128.412842
4445000	-3206.723389
4450000	-3185.583496
4455000	-3009.239258
4460000	-3029.13623
4465000	-3074.570312
4470000	-2994.597168
4475000	-2958.822266
4480000	-3006.454834
4485000	-2998.407715
4490000	-3091.739258
4495000	-3042.700195
4500000	-3034.400391
4505000	-3105.784912
4510000	-3067.814453
4515000	-3026.878418
4520000	-3086.874756
4525000	-3110.375488
4530000	-3111.657715
4535000	-3183.445068
4540000	-3085.952637
4545000	-3087.28125
4550000	-3204.637939
4555000	-3091.765625
4560000	-3095.469482
4565000	-3118.596191
4570000	-3127.11377
4575000	-3236.379639
4580000	-3228.751953
4585000	-3151.455078
4590000	-3167.408447
4595000	-3165.972656
4600000	-3084.791992
4605000	-3032.72998
4610000	-2939.992188
4615000	-3056.592285
4620000	-3028.384766
4625000	-3204.728027
4630000	-3185.033203
4635000	-3017.505371
4640000	-3012.65332
4645000	-3044.180664
4650000	-3129.03833
4655000	-3133.467285
4660000	-3059.465088
4665000	-3106.502441
4670000	-3218.609375
4675000	-3128.312012
4680000	-2929.631348
4685000	-3078.757324
4690000	-3064.954346
4695000	-3124.498535
4700000	-3244.564941
4705000	-3173.878906
4710000	-3212.675049
4715000	-3177.585205
4720000	-3084.478027
4725000	-3003.108643
4730000	-2996.723389
4735000	-3124.244629
4740000	-3059.136719
4745000	-3091.605957
4750000	-3086.915771
4755000	-3101.779297
4760000	-3110.235107
4765000	-3023.675537
4770000	-3112.069336
4775000	-3203.270752
4780000	-2984.518555
4785000	-2991.597168
4790000	-3121.056396
4795000	-3071.012451
4800000	-3050.59375
4805000	-3054.455566
4810000	-3098.589355
4815000	-3167.980469
4820000	-3005.708496
4825000	-3052.893066
4830000	-3101.23999
4835000	-3096.057617
4840000	-3075.8125
4845000	-3138.490234
4850000	-3107.180664
4855000	-3211.092529
4860000	-3200.572754
4865000	-3118.91333
4870000	-3001.534668
4875000	-3081.793213
4880000	-3125.76709
4885000	-3284.543945
4890000	-3092.601074
4895000	-3094.756836
4900000	-3126.028564
4905000	-3109.390137
4910000	-2997.835938
4915000	-3004.424316
4920000	-3151.017578
4925000	-3161.265137
4930000	-3263.396729
4935000	-3105.590576
4940000	-3298.006836
4945000	-3128.388672
4950000	-3148.615234
4955000	-3180.098145
4960000	-3085.029297
4965000	-3167.74707
4970000	-3157.555176
4975000	-3179.660889
4980000	-3050.908203
4985000	-3108.155273
4990000	-3140.857666
4995000	-3109.901855
5000000	-3119.855469
5005000	-3060.415283
5010000	-3049.785156
5015000	-3250.873535
5020000	-3161.554443
5025000	-3057.050293
5030000	-3183.521729
5035000	-3130.109375
5040000	-3050.448242
5045000	-2892.082031
5050000	-3003.275391
5055000	-3051.725586
5060000	-2969.352783
5065000	-3035.73291
5070000	-2999.780273
5075000	-3060.712891
5080000	-3059.20459
5085000	-3130.159912
5090000	-3107.342041
5095000	-3123.625
5100000	-3102.334717
5105000	-3123.319824
5110000	-3249.683594
5115000	-3203.349121
5120000	-3025.483643
5125000	-3067.50415
5130000	-3155.837891
5135000	-3028.430176
5140000	-3096.525879
5145000	-3035.301514
5150000	-3165.991943
5155000	-3138.715332
5160000	-3131.93457
5165000	-3031.687012
5170000	-3020.5625
5175000	-2978.473633
5180000	-3132.386719
5185000	-3125.501953
5190000	-3206.753418
5195000	-3091.658203
5200000	-2960.413086
5205000	-2954.978027
5210000	-3005.034912
5215000	-3078.335693
5220000	-3060.812012
5225000	-3125.217773
5230000	-3141.647705
5235000	-3073.310547
5240000	-2948.675781
5245000	-3131.51416
5250000	-3025.621094
5255000	-3032.289551
5260000	-3088.658691
5265000	-3015.118164
5270000	-2996.875977
5275000	-3065.662598
5280000	-3049.199463
5285000	-3118.908447
5290000	-3203.430176
5295000	-3129.37793
5300000	-3131.69165
5305000	-3120.609863
5310000	-3012.926025
5315000	-3011.404541
5320000	-3084.958008
5325000	-3120.755127
5330000	-3128.125977
5335000	-3067.244141
5340000	-3197.971924
5345000	-3188.340332
5350000	-3033.903076
5355000	-3049.320068
5360000	-3021.384766
5365000	-2936.138672
5370000	-3146.040771
5375000	-3126.445801
5380000	-3083.167969
5385000	-3143.977783
5390000	-3057.22168
5395000	-2941.175293
5400000	-3046.708496
5405000	-2918.523438
5410000	-2929.119873
5415000	-2989.619141
5420000	-2992.054932
5425000	-2958.108154
5430000	-2971.568359
5435000	-3041.740234
5440000	-3053.857666
5445000	-3023.766113
5450000	-2997.878662
5455000	-2981.053223
5460000	-3072.257568
5465000	-3025.275391
5470000	-3113.641846
5475000	-3147.158203
5480000	-3165.86377
5485000	-3151.554688
5490000	-3142.200684
5495000	-3131.982178
5500000	-3163.404785
5505000	-3153.587646
5510000	-3118.215332
5515000	-3080.295898
5520000	-3117.606689
5525000	-2995.117676
5530000	-3169.193359
5535000	-3155.970703
5540000	-3210.275635
5545000	-3154.821533
5550000	-3111.126465
5555000	-3056.443848
5560000	-3016.497559
5565000	-3058.908203
5570000	-3007.287109
5575000	-2966.953125
5580000	-2944.695557
5585000	-3131.268066
5590000	-3214.520264
5595000	-3136.368408
5600000	-3012.844727
5605000	-3081.519775
5610000	-3071.822754
5615000	-3072.991211
5620000	-2931.789551
5625000	-2916.651855
5630000	-3006.096191
5635000	-3041.675537
5640000	-2985.462402
5645000	-2891.76123
5650000	-3024.402344
5655000	-2998.91626
5660000	-3001.276611
5665000	-2903.335938
5670000	-2972.540527
5675000	-3032.926758
5680000	-2995.418701
5685000	-3050.424805
5690000	-3161.833008
5695000	-3122.676514
5700000	-3196.240234
5705000	-3118.869629
5710000	-3121.781982
5715000	-3231.615479
5720000	-3181.213623
5725000	-3116.025146
5730000	-3088.748779
5735000	-3096.637695
5740000	-3108.273438
5745000	-3049.239746
5750000	-3052.185547
5755000	-3005.470459
5760000	-3077.253418
5765000	-3184.706787
5770000	-3172.366211
5775000	-3089.312012
5780000	-3085.89917
5785000	-3166.721191
5790000	-3112.812012
5795000	-3183.905273
5800000	-3083.310791
5805000	-3202.372803
5810000	-3136.104492
5815000	-3120.402832
5820000	-3080.125488
5825000	-3098.197754
5830000	-3003.716797
5835000	-3110.504395
5840000	-3146.867676
5845000	-3076.215088
5850000	-3158.771973
5855000	-3096.247559
5860000	-3108.484863
5865000	-2993.479248
5870000	-3034.884277
5875000	-3011.890137
5880000	-2938.526367
5885000	-2970.34668
5890000	-2990.238281
5895000	-2984.053223
5900000	-3001.288574
5905000	-3024.445801
5910000	-2944.147949
5915000	-3005.954834
5920000	-3058.910645
5925000	-3065.895508
5930000	-3021.130371
5935000	-2979.19873
5940000	-3029.084473
5945000	-3203.827148
5950000	-3146.419922
5955000	-3029.294434
5960000	-3064.587646
5965000	-3058.375488
5970000	-3124.048828
5975000	-2961.931641
5980000	-2928.754639
5985000	-2971.620361
5990000	-3166.336914
5995000	-3137.531738
6000000	-3059.684326
6005000	-2988.278564
6010000	-2962.172852
6015000	-2978.350586
6020000	-3063.081543
6025000	-3031.765137
6030000	-3152.55542
6035000	-2958.280518
6040000	-2906.949219
6045000	-2957.252686
6050000	-2958.030273
6055000	-3034.938965
6060000	-3056.311523
6065000	-3066.283936
6070000	-2999.398438
6075000	-3003.360352
6080000	-2983.312012
6085000	-3033.419922
6090000	-3034.81958
6095000	-3093.210449
6100000	-3021.692871
6105000	-3028.023926
6110000	-3151.749512
6115000	-3101.504883
6120000	-3100.504883
6125000	-2854.538818
6130000	-2892.277832
6135000	-2812.054199
6140000	-2953.359863
6145000	-3035.860107
6150000	-3145.807617
6155000	-3178.974609
6160000	-3048.590332
6165000	-2952.1521
6170000	-3098.601562
6175000	-3052.645996
6180000	-3055.271973
6185000	-2893.547363
6190000	-2940.253906
6195000	-2950.843018
6200000	-3158.160156
6205000	-3141.886719
6210000	-3032.478027
6215000	-3003.873047
6220000	-3107.907471
6225000	-3025.42041
6230000	-3031.393311
6235000	-3151.170898
6240000	-3253.877441
6245000	-3239.138184
6250000	-3189.727539
6255000	-3005.985596
6260000	-3125.917969
6265000	-2926.216064
6270000	-3049.665771
6275000	-3074.244385
6280000	-3062.566162
6285000	-3070.096924
6290000	-3065.605469
6295000	-3092.090332
6300000	-2983.203125
6305000	-2882.567383
6310000	-2984.27832
6315000	-3083.046387
6320000	-3048.286621
6325000	-3026.70752
6330000	-3040.62207
6335000	-2990.604736
6340000	-2965.512451
6345000	-3010.3125
6350000	-3064.798584
6355000	-3072.841797
6360000	-3124.085449
6365000	-3066.920166
6370000	-2980.629639
6375000	-2923.341797
6380000	-2911.273193
6385000	-2961.943848
6390000	-2847.830811
6395000	-2996.021484
6400000	-3089.00293
6405000	-3051.242676
6410000	-3041.536621
6415000	-3139.016846
6420000	-2933.427002
6425000	-2956.624268
6430000	-2943.624268
6435000	-3009.119629
6440000	-3224.175293
6445000	-2978.879395
6450000	-3084.668213
6455000	-3215.369141
6460000	-3147.518555
6465000	-3186.962158
6470000	-3077.089844
6475000	-3076.00415
6480000	-3203.988281
6485000	-3204.914795
6490000	-3189.433594
6495000	-3086.124023
6500000	-3060.108887
6505000	-3098.67627
6510000	-3082.30957
6515000	-3049.422852
6520000	-3052.20752
6525000	-3117.733154
6530000	-3137.21582
6535000	-3131.522949
6540000	-3348.066406
6545000	-3186.093262
6550000	-3141.687988
6555000	-3081.265137
6560000	-3112.735352
6565000	-3146.310547
6570000	-2988.003662
6575000	-2986.129395
6580000	-3039.773438
6585000	-3040.033691
6590000	-2919.844238
6595000	-3018.620117
6600000	-2940.462402
6605000	-3103.461914
6610000	-3157.769043
6615000	-3134.388428
6620000	-3078.654297
6625000	-3121.135986
6630000	-3084.644043
6635000	-3051.657227
6640000	-3138.075195
6645000	-3070.661621
6650000	-3116.984863
6655000	-3020.427734
6660000	-3161.902344
6665000	-2988.727051
6670000	-3112.863037
6675000	-2986.742432
6680000	-3121.225586
6685000	-3048.033203
6690000	-3123.940918
6695000	-2983.415527
6700000	-3050.23877
6705000	-3016.334229
6710000	-3048.519287
6715000	-2877.275146
6720000	-2972.259521
6725000	-2970.59082
6730000	-2909.017822
6735000	-3115.487061
6740000	-3081.500977
6745000	-3030.523438
6750000	-3066.263184
6755000	-3183.207031
6760000	-3095.608643
6765000	-3096.959717
6770000	-3064.22583
6775000	-3064.156982
6780000	-3018.899658
6785000	-3016.321289
6790000	-2990.943848
6795000	-2980.79541
6800000	-3122.585205
6805000	-3177.385498
6810000	-3239.477051
6815000	-3187.656006
6820000	-3082.679932
6825000	-3126.254639
6830000	-3146.114502
6835000	-3077.751953
6840000	-3007.003418
6845000	-3030.799316
6850000	-3015.38623
6855000	-3153.200928
6860000	-3159.060303
6865000	-3131.829102
6870000	-3212.099854
6875000	-3147.047363
6880000	-3148.180908
6885000	-3017.577148
6890000	-3129.02832
6895000	-3043.550537
6900000	-3123.92627
6905000	-3111.672852
6910000	-3111.039795
6915000	-3117.292236
6920000	-3251.704834
6925000	-3139.311523
6930000	-2993.933838
6935000	-3139.890137
6940000	-3154.725098
6945000	-3007.914551
6950000	-3088.195801
6955000	-3016.444336
6960000	-3054.26123
6965000	-3102.163086
6970000	-3167.808594
6975000	-3028.87793
6980000	-3031.117432
6985000	-3051.254639
6990000	-3042.09668
6995000	-3009.246582
7000000	-2928.945312
7005000	-3033.773438
7010000	-3040.576172
7015000	-2969.759766
7020000	-3024.745605
7025000	-3067.19458
7030000	-2999.696777
7035000	-3134.675293
7040000	-3284.40332
7045000	-3176.21875
7050000	-3179.651367
7055000	-3181.084473
7060000	-3136.38916
7065000	-2995.388916
7070000	-3014.466309
7075000	-3129.431641
7080000	-3226.445312
7085000	-3203.355469
7090000	-3175.713379
7095000	-3137.014648
7100000	-3071.841797
7105000	-3009.906738
7110000	-3130.311768
7115000	-3114.922119
7120000	-3207.723633
7125000	-3114.580078
7130000	-2992.172363
7135000	-3039.046387
7140000	-3053.026367
7145000	-3149.406982
7150000	-3002.476074
7155000	-3143.667969
7160000	-3026.397949
7165000	-3067.774902
7170000	-3045.578369
7175000	-3126.002686
7180000	-3151.403809
7185000	-3088.537354
7190000	-2939.581055
7195000	-2901.535156
7200000	-2822.280762
7205000	-2910.828125
7210000	-2885.587891
7215000	-2928.723145
7220000	-2999.420654
7225000	-2969.437012
7230000	-3108.526367
7235000	-3013.169434
7240000	-3002.962646
7245000	-3133.366455
7250000	-3120.191895
7255000	-3097.40918
7260000	-3129.13916
7265000	-3098.546631
7270000	-2970.554199
7275000	-3135.79248
7280000	-3073.223633
7285000	-3144.338135
7290000	-3157.141602
7295000	-3198.149902
7300000	-3138.222412
7305000	-3201.064941
7310000	-3020.411621
7315000	-3037.225342
7320000	-3223.728027
7325000	-3219.312012
7330000	-3122.189697
7335000	-3170.500977
7340000	-3125.481201
7345000	-3069.793945
7350000	-3138.532715
7355000	-3199.908203
7360000	-3060.701172
7365000	-2995.594238
7370000	-3017.145508
7375000	-2948.22583
7380000	-3042.933594
7385000	-2996.907227
7390000	-2980.330078
7395000	-3038.271484
7400000	-3176.599365
7405000	-3282.192871
7410000	-3172.194824
7415000	-3114.447754
7420000	-3190.199707
7425000	-3077.48291
7430000	-3070.206055
7435000	-3034.916748
7440000	-3102.12793
7445000	-3111.697266
7450000	-3108.403076
7455000	-3085.848145
7460000	-2954.495361
7465000	-3038.390625
7470000	-3018.748779
7475000	-3048.156738
7480000	-2996.796387
7485000	-3083.174805
7490000	-3114.82959
7495000	-3087.026367
7500000	-2998.51709
7505000	-3180.525635
7510000	-3027.998047
7515000	-3004.209473
7520000	-2962.077881
7525000	-2950.728271
7530000	-3028.756836
7535000	-3036.473877
7540000	-3013.338623
7545000	-2983.234375
7550000	-3088.287354
7555000	-3061.558838
7560000	-3000.756104
7565000	-3131.400879
7570000	-3022.843262
7575000	-3035.162598
7580000	-3093.650146
7585000	-3102.555908
7590000	-3143.572754
7595000	-2972.709229
7600000	-2980.552979
7605000	-2869.085938
7610000	-2792.866455
7615000	-2985.793457
7620000	-2974.96582
7625000	-2960.979492
7630000	-2845.281982
7635000	-2884.030029
7640000	-2920.819336
7645000	-3134.652832
7650000	-3182.210938
7655000	-3156.270752
7660000	-3014.978271
7665000	-3028.231934
7670000	-2995.521484
7675000	-3068.943604
7680000	-2972.512695
7685000	-2933.809326
7690000	-2973.081543
7695000	-3113.667725
7700000	-3144.596191
7705000	-3182.890137
7710000	-3207.250732
7715000	-3062.713379
7720000	-3007.799316
7725000	-2968.191406
7730000	-3105.759766
7735000	-3087.990723
7740000	-2971.579834
7745000	-3012.697021
7750000	-3035.677002
7755000	-3022.141113
7760000	-2978.006836
7765000	-2983.880859
7770000	-2973.031738
7775000	-3024.599121
7780000	-2940.812988
7785000	-2974.831055
7790000	-3067.907715
7795000	-2986.656982
7800000	-3051.150879
7805000	-2994.455078
7810000	-3149.51709
7815000	-3024.409668
7820000	-2931.77002
7825000	-2951.464355
7830000	-2943.816406
7835000	-2914.881104
7840000	-2939.016113
7845000	-3012.913574
7850000	-3070.598877
7855000	-3071.410645
7860000	-2995.910889
7865000	-3007.381348
7870000	-2993.745361
7875000	-2927.564453
7880000	-3093.574463
7885000	-3057.532227
7890000	-3034.362549
7895000	-3179.761963
7900000	-3084.192139
7905000	-2958.696289
7910000	-3066.438721
7915000	-3019.105957
7920000	-2970.970215
7925000	-2971.87207
7930000	-2942.790527
7935000	-3072.908447
7940000	-3031.892578
7945000	-3145.401611
7950000	-3069.006104
7955000	-3138.523926
7960000	-3066.066406
7965000	-3033.390625
7970000	-3031.591553
7975000	-2956.977295
7980000	-3074.656738
7985000	-3037.678955
7990000	-3011.019287
7995000	-2894.966064
8000000	-2936.608887
8005000	-3154.084961
8010000	-3180.793701
8015000	-3176.753906
8020000	-3111.452637
8025000	-3101.012695
8030000	-3081.665527
8035000	-2988.407471
8040000	-3074.705078
8045000	-2930.216309
8050000	-2883.835205
8055000	-3030.012207
8060000	-3035.544922
8065000	-3104.111328
8070000	-3219.052734
8075000	-3178.177979
8080000	-3176.305176
8085000	-3116.435059
8090000	-3074.84082
8095000	-2994.537109
8100000	-3101.179932
8105000	-3042.565186
8110000	-3189.228271
8115000	-3025.361328
8120000	-3027.238525
8125000	-3054.546387
8130000	-3108.73999
8135000	-2967.640137
8140000	-3079.046387
8145000	-3067.244141
8150000	-3072.675049
8155000	-3155.285156
8160000	-3170.78418
8165000	-3141.272461
8170000	-3208.913574
8175000	-3165.958984
8180000	-3116.720703
8185000	-3212.084961
8190000	-3126.118164
8195000	-3092.98584
8200000	-3150.043457
8205000	-3110.818604
8210000	-2955.094727
8215000	-2942.242676
8220000	-2923.653809
8225000	-2921.467285
8230000	-2839.68042
8235000	-2883.099365
8240000	-2890.214355
8245000	-2966.556641
8250000	-2975.691406
8255000	-2939.435059
8260000	-3035.608643
8265000	-3025.630127
8270000	-2957.402344
8275000	-2905.449219
8280000	-2863.39502
8285000	-2995.261963
8290000	-2926.072021
8295000	-2961.406494
8300000	-2971.334961
8305000	-3119.726562
8310000	-3039.206055
8315000	-3077.961426
8320000	-2961.876221
8325000	-2972.702148
8330000	-3020.344727
8335000	-2874.768555
8340000	-2900.501709
8345000	-2919.730469
8350000	-3002.845215
8355000	-2906.280762
8360000	-3087.026367
8365000	-3054.714355
8370000	-3175.806152
8375000	-3018.70459
8380000	-3093.916992
8385000	-2951.684814
8390000	-2980.933105
8395000	-3088.666016
8400000	-3136.348633
8405000	-3067.517578
8410000	-2861.847168
8415000	-3010.689941
8420000	-3115.504639
8425000	-3049.521729
8430000	-3107.715332
8435000	-2862.525146
8440000	-2981.871094
8445000	-2951.84082
8450000	-3115.122803
8455000	-3024.350586
8460000	-3019.692871
8465000	-3069.314209
8470000	-2990.098633
8475000	-3061.218262
8480000	-3000.233643
8485000	-2990.009766
8490000	-3058.120605
8495000	-3077.89917
8500000	-3140.765625
8505000	-3127.109375
8510000	-2946.151855
8515000	-3005.462402
8520000	-3074.563721
8525000	-3067.835449
8530000	-2901.206055
8535000	-2871.092041
8540000	-2804.05957
8545000	-3080.502197
8550000	-3111.515137
8555000	-3137.724609
8560000	-3113.438477
8565000	-3073.736816
8570000	-2991.291504
8575000	-2947.729736
8580000	-2992.553223
8585000	-3046.9375
8590000	-3035.20459
8595000	-3141.063477
8600000	-3054.418701
8605000	-3062.645508
8610000	-3025.258789
8615000	-3083.261719
8620000	-3191.869141
8625000	-3054.300781
8630000	-3171.389648
8635000	-3095.484619
8640000	-3032.064453
8645000	-3008.969971
8650000	-3013.383301
8655000	-3058.316406
8660000	-3064.150879
8665000	-2936.930908
8670000	-2920.518311
8675000	-3109.645508
8680000	-3071.159668
8685000	-3026.753906
8690000	-3087.280762
8695000	-3113.000732
8700000	-3181.318115
8705000	-3039.078369
8710000	-3053.635742
8715000	-2973.475342
8720000	-2891.901855
8725000	-2907.876465
8730000	-3102.019531
8735000	-3008.257568
8740000	-3058.495605
8745000	-3021.02002
8750000	-3062.165039
8755000	-2977.499512
8760000	-2998.908447
8765000	-2965.862305
8770000	-3066.421631
8775000	-3064.161621
8780000	-3012.218262
8785000	-3101.886963
8790000	-3076.182129
8795000	-3096.27002
8800000	-3147.596924
8805000	-2980.022461
8810000	-3161.569336
8815000	-3167.530762
8820000	-3155.375244
8825000	-3074.927979
8830000	-3108.291992
8835000	-3049.616211
8840000	-3137.080566
8845000	-3033.367188
8850000	-3041.044189
8855000	-3026.48584
8860000	-2990.17627
8865000	-3012.89502
8870000	-2996.833008
8875000	-3035.629639
8880000	-3115.995361
8885000	-3213.828613
8890000	-3046.147461
8895000	-3074.55127
8900000	-3064.081055
8905000	-3048.196777
8910000	-3021.194824
8915000	-2981.654785
8920000	-3005.220703
8925000	-3033.549316
8930000	-3044.56543
8935000	-3034.765625
8940000	-3039.204346
8945000	-3079.405273
8950000	-3053.967285
8955000	-2960.125488
8960000	-3079.082275
8965000	-3095.123047
8970000	-2971.993652
8975000	-2894.572754
8980000	-2868.845215
8985000	-3016.17334
8990000	-2995.977783
8995000	-3101.797119
9000000	-3082.855713
9005000	-3012.848145
9010000	-3002.949219
9015000	-3027.912842
9020000	-2996.35498
9025000	-3026.272461
9030000	-3054.435791
9035000	-3041.07959
9040000	-3012.019043
9045000	-2991.828857
9050000	-3061.081055
9055000	-2990.266602
9060000	-3134.465332
9065000	-3001.648926
9070000	-3120.392334
9075000	-3043.540039
9080000	-3091.364746
9085000	-3118.544922
9090000	-3021.490723
9095000	-3017.012207
9100000	-3138.376465
9105000	-3034.356934
9110000	-3052.329102
9115000	-3019.848633
9120000	-3028.414551
9125000	-3025.315674
9130000	-2828.124023
9135000	-2837.118408
9140000	-2993.21582
9145000	-3250.380371
9150000	-3128.368164
9155000	-2939.595947
9160000	-3202.163574
9165000	-3078.895996
9170000	-3008.868408
9175000	-3077.637695
9180000	-3100.379395
9185000	-3188.711914
9190000	-3074.518066
9195000	-3180.956543
9200000	-3123.65332
9205000	-3098.953857
9210000	-3064.987061
9215000	-3237.003662
9220000	-3076.023926
9225000	-3122.052979
9230000	-3145.321533
9235000	-3059.887695
9240000	-3173.999512
9245000	-3094.400879
9250000	-3178.654297
9255000	-3196.193359
9260000	-3158.377441
9265000	-3189.223633
9270000	-3144.491211
9275000	-3142.257812
9280000	-3135.443604
9285000	-3184.400879
9290000	-3149.618408
9295000	-3234.650635
9300000	-3106.024658
9305000	-3079.699219
9310000	-3152.972168
9315000	-3035.024414
9320000	-3033.660889
9325000	-2932.278809
9330000	-2964.709717
9335000	-3113.14209
9340000	-3096.087158
9345000	-3160.334961
9350000	-3026.502197
9355000	-3156.100342
9360000	-3083.775391
9365000	-3046.189941
9370000	-3164.203125
9375000	-3088.503418
9380000	-3072.525146
9385000	-3022.829834
9390000	-2930.095947
9395000	-3020.885742
9400000	-3014.25293
9405000	-2897.467285
9410000	-2828.924805
9415000	-2959.437012
9420000	-3053.250977
9425000	-3006.393555
9430000	-2963.093262
9435000	-2947.659912
9440000	-2969.239746
9445000	-2953.283691
9450000	-2886.744873
9455000	-2878.919189
9460000	-2959.337402
9465000	-3038.456055
9470000	-2995.712158
9475000	-3083.675049
9480000	-3203.831787
9485000	-3212.043457
9490000	-3097.993896
9495000	-3119.089844
9500000	-3153.662598
9505000	-3081.164062
9510000	-3178.251953
9515000	-3042.310547
9520000	-3194.86377
9525000	-3075.753174
9530000	-3079.896484
9535000	-3012.075928
9540000	-2908.653564
9545000	-2990.575928
9550000	-3023.892334
9555000	-2998.744141
9560000	-3007.995605
9565000	-3040.347168
9570000	-3163.87085
9575000	-3108.326416
9580000	-3044.528809
9585000	-2974.266113
9590000	-2970.619629
9595000	-3063.913086
9600000	-3136.880859
9605000	-3111.628418
9610000	-3131.320557
9615000	-3016.582031
9620000	-3029.112549
9625000	-3092.428711
9630000	-3010.401855
9635000	-3004.935547
9640000	-3020.381592
9645000	-2947.338379
9650000	-3050.662598
9655000	-3050.879395
9660000	-3105.506348
9665000	-3089.82373
9670000	-3150.73291
9675000	-3112.724854
9680000	-3194.992676
9685000	-3124.775879
9690000	-3059.218262
9695000	-3080.189941
9700000	-3116.97168
9705000	-3038.51416
9710000	-2982.278076
9715000	-2951.184814
9720000	-2841.714844
9725000	-2918.975586
9730000	-2936.614258
9735000	-2999.545166
9740000	-3064.740967
9745000	-3102.727539
9750000	-3092.490479
9755000	-3247.730713
9760000	-3169.049561
9765000	-3196.383545
9770000	-3051.007812
9775000	-2937.484375
9780000	-3124.886719
9785000	-2978.754883
9790000	-3020.352051
9795000	-3078.366455
9800000	-2979.196289
9805000	-3074.972656
9810000	-3120.623535
9815000	-3191.368164
9820000	-3015.472168
9825000	-3026.683838
9830000	-2970.034668
9835000	-3008.244141
9840000	-3042.42041
9845000	-3047.286133
9850000	-3014.534424
9855000	-2999.091309
9860000	-3133.456055
9865000	-3028.871094
9870000	-2983.012207
9875000	-2891.509766
9880000	-2843.265625
9885000	-2899.697266
9890000	-2840.076416
9895000	-2866.233887
9900000	-2901.304199
9905000	-3038.899902
9910000	-3104.602051
9915000	-3015.732422
9920000	-2948.121582
9925000	-3024.450195
9930000	-3031.661133
9935000	-3017.851807
9940000	-3151.135986
9945000	-3074.730957
9950000	-3144.543213
9955000	-3116.46875
9960000	-3048.546143
9965000	-3022.074219
9970000	-3042.12207
9975000	-3065.098633
9980000	-3136.603516
9985000	-3194.53125
9990000	-3083.33374
9995000	-3039.063477
10000000	-3137.654785
10005000	-3092.678711
10010000	-2955.735596
10015000	-3130.280029
10020000	-2969.380615
10025000	-2867.37915
10030000	-3056.586426
10035000	-2974.918701
10040000	-2940.70459
10045000	-3020.122803
10050000	-2977.623535
10055000	-2999.824463
10060000	-3002.297852
10065000	-3113.114746
10070000	-2976.325928
10075000	-3090.508301
10080000	-3078.267822
10085000	-3039.464355
10090000	-3159.655762
10095000	-2953.380859
10100000	-3029.43457
10105000	-3074.304443
10110000	-2995.894043
10115000	-2960.076904
10120000	-3026.949463
10125000	-3060.808105
10130000	-3049.809814
10135000	-3008.943115
10140000	-3076.018066
10145000	-3020.754883
10150000	-2997.443359
10155000	-3063.420166
10160000	-3011.727295
10165000	-2973.723633
10170000	-2967.549561
10175000	-3025.766113
10180000	-3055.227783
10185000	-3021.165771
10190000	-3014.629883
10195000	-3079.379883
10200000	-3216.124023
10205000	-3128.439941
10210000	-3227.070312
10215000	-3215.065918
10220000	-3247.163086
10225000	-3168.226562
10230000	-3074.361816
10235000	-3061.208984
10240000	-2979.602539
10245000	-3154.29248
10250000	-3219.408447
10255000	-3065.902344
10260000	-3057.003662
10265000	-3071.109375
10270000	-3133.877686
10275000	-3122.800293
10280000	-3056.178711
10285000	-3001.319824
10290000	-3010.217285
10295000	-3072.987549
10300000	-3106.15918
10305000	-3121.291016
10310000	-2912.792969
10315000	-2949.668457
10320000	-3088.484619
10325000	-3057.32959
10330000	-3033.522461
10335000	-3071.734619
10340000	-3037.282959
10345000	-3151.233154
10350000	-3196.21582
10355000	-3107.671143
10360000	-3102.949219
10365000	-2988.08667
10370000	-2967.309082
10375000	-3021.092285
10380000	-3028.987793
10385000	-3120.367676
10390000	-3230.574219
10395000	-3127.599609
10400000	-3137.266113
10405000	-3098.55835
10410000	-3073.812256
10415000	-3203.398193
10420000	-3231.958984
10425000	-3299.671631
10430000	-3178.167969
10435000	-3048.54248
10440000	-3025.006348
10445000	-3008.402832
10450000	-3007.419678
10455000	-2967.484863
10460000	-2982.733887
10465000	-2985.006836
10470000	-2954.635742
10475000	-2990.225586
10480000	-3126.532715
10485000	-3157.725098
10490000	-3131.559082
10495000	-3067.10498
10500000	-3115.70874
10505000	-3094.687012
10510000	-3103.36377
10515000	-3085.869629
10520000	-3022.909424
10525000	-2964.205566
10530000	-3045.629395
10535000	-3028.305908
10540000	-3233.46582
10545000	-3128.956055
10550000	-3234.972168
10555000	-3128.547363
10560000	-3121.658691
10565000	-3159.55957
10570000	-3186.867188
10575000	-3058.526367
10580000	-3108.655518
10585000	-2996.138672
10590000	-3102.344971
10595000	-3068.278809
10600000	-3032.592285
10605000	-2958.567383
10610000	-3050.005371
10615000	-3052.821289
10620000	-3181.671387
10625000	-3034.849121
10630000	-2866.081787
10635000	-2993.30127
10640000	-2959.328613
10645000	-3034.262207
10650000	-3083.885742
10655000	-3005.580811
10660000	-3173.895508
10665000	-3198.090332
10670000	-3090.616699
10675000	-3064.747314
10680000	-3072.050293
10685000	-3032.838379
10690000	-3019.94751
10695000	-3021.564453
10700000	-3054.907471
10705000	-2885.201416
10710000	-3033.78418
10715000	-3032.427979
10720000	-3035.510254
10725000	-3077.113281
10730000	-3049.595215
10735000	-3028.612793
10740000	-3022.023926
10745000	-3061.012939
10750000	-2868.248535
10755000	-3018.698242
10760000	-3071.445801
10765000	-3012.907227
10770000	-3062.824219
10775000	-3107.40625
10780000	-3059.238281
10785000	-3247.396973
10790000	-3180.16748
10795000	-3046.47583
10800000	-2947.303711
10805000	-3010.452148
10810000	-2986.726562
10815000	-2996.255859
10820000	-3092.743652
10825000	-3105.919922
10830000	-3060.833984
10835000	-3045.446533
10840000	-3075.197021
10845000	-3081.020752
10850000	-3112.262695
10855000	-3241.751953
10860000	-3114.575684
10865000	-3172.501221
10870000	-3050.086426
10875000	-3229.849609
10880000	-3231.55249
10885000	-3143.468994
10890000	-3024.100342
10895000	-3031.200439
10900000	-3015.819824
10905000	-3006.545166
10910000	-3036.660156
10915000	-3173.52002
10920000	-3049.324707
10925000	-3182.279541
10930000	-3187.873535
10935000	-3175.019531
10940000	-3326.586426
10945000	-3105.368652
10950000	-3132.840332
10955000	-3085.48999
10960000	-3076.302246
10965000	-3055.931152
10970000	-3023.224609
10975000	-2936.786133
10980000	-3020.661133
10985000	-3073.616455
10990000	-3141.729004
10995000	-3103.224365
11000000	-3009.461914
11005000	-3064.634277
11010000	-3046.444336
11015000	-2984.707764
11020000	-2952.018066
11025000	-3144.067627
11030000	-3111.503418
11035000	-3038.210205
11040000	-3085.000244
11045000	-3086.991699
11050000	-3033.354492
11055000	-2992.765137
11060000	-3011.729004
11065000	-2972.837402
11070000	-3015.860352
11075000	-3118.864746
11080000	-3095.693848
11085000	-3022.179688
11090000	-3026.251953
11095000	-2991.264404
11100000	-2956.902588
11105000	-2987.579102
11110000	-2867.49585
11115000	-2940.709717
11120000	-2962.363281
11125000	-3059.816895
11130000	-3066.125488
11135000	-3040.572021
11140000	-3107.106445
11145000	-3052.55542
11150000	-3042.618652
11155000	-3073.37207
11160000	-3050.708252
11165000	-3226.946289
11170000	-3195.984863
11175000	-3034.288574
11180000	-2954.28833
11185000	-2933.435547
11190000	-2912.925781
11195000	-2933.679199
11200000	-2949.851562
11205000	-3035.501953
11210000	-3011.889648
11215000	-2906.10498
11220000	-2918.183105
11225000	-2998.672852
11230000	-3047.480957
11235000	-2914.522461
11240000	-3103.843018
11245000	-3052.708984
11250000	-2987.876953
11255000	-2941.20166
11260000	-2953.782959
11265000	-2981.439209
11270000	-2980.699463
11275000	-3008.953125
11280000	-3089.786377
11285000	-3118.839111
11290000	-2998.951904
11295000	-2983.432129
11300000	-3019.080322
11305000	-3001.15625
11310000	-3060.500488
11315000	-3000.567871
11320000	-2975.661377
11325000	-3087.222168
11330000	-2911.416016
11335000	-2881.302246
11340000	-2828.19873
11345000	-2979.415771
11350000	-2900.406006
11355000	-2941.944336
11360000	-3114.791748
11365000	-3066.67627
11370000	-3124.831543
11375000	-3080.304932
11380000	-3070.175293
11385000	-3146.522949
11390000	-3062.309814
11395000	-3167.277832
11400000	-3172.928223
11405000	-3159.1521
11410000	-3082.851074
11415000	-3079.569336
11420000	-3125.09082
11425000	-3205.555908
11430000	-3160.166992
11435000	-3176.816895
11440000	-3174.981445
11445000	-3177.936035
11450000	-3128.662598
11455000	-3164.138672
11460000	-3121.401123
11465000	-3147.474609
11470000	-3051.352051
11475000	-3017.376953
11480000	-3112.848145
11485000	-3104.327148
11490000	-3128.346191
11495000	-3065.583496
11500000	-3012.238281
11505000	-3038.541992
11510000	-3078.58667
11515000	-3068.897949
11520000	-3050.697266
11525000	-2872.163818
11530000	-2989.246338
11535000	-2991.998535
11540000	-2965.568359
11545000	-2992.708496
11550000	-2985.547607
11555000	-2881.46582
11560000	-3007.644043
11565000	-3032.686523
11570000	-2974.450195
11575000	-2921.258789
11580000	-2850.505859
11585000	-2986.460938
11590000	-2978.966797
11595000	-3056.034668
11600000	-3205.735352
11605000	-3102.145508
11610000	-3141.345703
11615000	-3039.582764
11620000	-3003.24707
11625000	-3124.824707
11630000	-3063.827393
11635000	-3077.792969
11640000	-3088.276367
11645000	-2964.10791
11650000	-2953.427979
11655000	-3034.606445
11660000	-2956.979492
11665000	-3047.077148
11670000	-3095.5625
11675000	-3005.605225
11680000	-3017.283203
11685000	-2927.900879
11690000	-3005.546387
11695000	-2996.620361
11700000	-3008.142822
11705000	-3231.476074
11710000	-3122.84375
11715000	-3170.64209
11720000	-3143.423096
11725000	-3106.606445
11730000	-3057.010498
11735000	-3105.496582
11740000	-3123.650879
11745000	-3138.497559
11750000	-3253.910645
11755000	-3203.387207
11760000	-3024.77124
11765000	-3112.686279
11770000	-2918.591797
11775000	-3034.041992
11780000	-3014.966064
11785000	-2931.338867
11790000	-2993.511963
11795000	-2988.240967
11800000	-2930.416992
11805000	-2991.489014
11810000	-3013.971191
11815000	-2990.062988
11820000	-3104.382812
11825000	-3031.096191
11830000	-3094.008545
11835000	-3206.574707
11840000	-3133.01416
11845000	-3102.120605
11850000	-2973.004395
11855000	-2937.25293
11860000	-2973.817627
11865000	-3044.949951
11870000	-2970.641113
11875000	-3063.150391
11880000	-3102.086914
11885000	-3116.917969
11890000	-2968.306641
11895000	-3108.510742
11900000	-3094.665039
11905000	-3006.049072
11910000	-3079.66333
11915000	-3094.175781
11920000	-3144.819336
11925000	-3272.32373
11930000	-3182.047119
11935000	-3211.104492
11940000	-3123.425537
11945000	-3106.550293
11950000	-3130.803223
11955000	-3173.512695
11960000	-3058.388184
11965000	-3058.600098
11970000	-2868.205078
11975000	-2913.743652
11980000	-2961.324219
11985000	-2973.68457
11990000	-2957.285889
11995000	-3130.153809
12000000	-3129.666016
12005000	-3054.803467
12010000	-3176.561035
12015000	-3169.740723
12020000	-3163.275391
12025000	-3097.955322
12030000	-3036.638184
12035000	-3059.428711
12040000	-2986.008789
12045000	-2851.861084
12050000	-3073.624756
12055000	-3045.59375
12060000	-3173.909912
12065000	-3146.053955
12070000	-3183.321289
12075000	-3044.178955
12080000	-3131.553467
12085000	-3192.332275
12090000	-3064.471191
12095000	-3139.452637
12100000	-3165.344727
12105000	-3212.257812
12110000	-3136.543945
12115000	-3221.88208
12120000	-3206.093262
12125000	-3116.460449
12130000	-3128.024414
12135000	-3037.48584
12140000	-3094.529297
12145000	-2998.075684
12150000	-2961.851807
12155000	-3045.643555
12160000	-3014.703369
12165000	-3009.181885
12170000	-3136.598145
12175000	-3108.803955
12180000	-2947.810547
12185000	-2916.322021
12190000	-2962.689941
12195000	-3046.129883
12200000	-2998.096436
12205000	-2842.312988
12210000	-2970.494629
12215000	-3109.544922
12220000	-3054.405273
12225000	-3232.209961
12230000	-3150.567627
12235000	-3014.193115
12240000	-3114.285889
12245000	-3180.895508
12250000	-3116.422119
12255000	-3172.600098
12260000	-3017.77002
12265000	-3054.959229
12270000	-3064.422363
12275000	-3030.977539
12280000	-3086.538574
12285000	-3259.895264
12290000	-3060.134766
12295000	-3090.83252
12300000	-3054.598877
12305000	-3031.642578
12310000	-3047.211914
12315000	-3155.245605
12320000	-3085.365723
12325000	-3176.578369
12330000	-3101.262207
12335000	-3027.414307
12340000	-3045.279541
12345000	-3083.101074
12350000	-3097.679199
12355000	-3009.119141
12360000	-3075.195068
12365000	-3001.915039
12370000	-3048.327393
12375000	-3136.23999
12380000	-3157.766113
12385000	-3141.720947
12390000	-3075.198486
12395000	-3034.42749
12400000	-3053.206543
12405000	-2995.482422
12410000	-3066.545898
12415000	-3094.507324
12420000	-2950.724609
12425000	-3062.406738
12430000	-2986.455078
12435000	-3004.124023
12440000	-3111.384033
12445000	-3089.369141
12450000	-3031.884033
12455000	-2958.128906
12460000	-2952.948242
12465000	-3003.748291
12470000	-2999.643066
12475000	-2901.677734
12480000	-2989.222412
12485000	-3050.570312
12490000	-2937.441406
12495000	-2897.556396
12500000	-2997.554688
12505000	-2935.187744
12510000	-2983.844482
12515000	-2936.467285
12520000	-3040.754395
12525000	-3029.142334
12530000	-2960.243164
12535000	-2958.606934
12540000	-2979.675781
12545000	-2996.712891
12550000	-3012.933105
12555000	-3119.552734
12560000	-3161.697266
12565000	-3100.974609
12570000	-3053.923828
12575000	-3028.321533
12580000	-3094.073242
12585000	-3067.269531
12590000	-3107.028076
12595000	-3050.904541
12600000	-3054.837402
12605000	-3119.625
12610000	-3097.478516
12615000	-3083.512451
12620000	-3032.697021
12625000	-2970.806641
12630000	-2964.843262
12635000	-2958.082275
12640000	-3075.631836
12645000	-3096.845215
12650000	-3245.317871
12655000	-3200.981445
12660000	-3053.583252
12665000	-2974.007324
12670000	-3072.394287
12675000	-3182.316406
12680000	-3210.469238
12685000	-3165.108398
12690000	-3077.585449
12695000	-3062.258789
12700000	-2933.16626
12705000	-2874.418945
12710000	-3072.500977
12715000	-2962.623535
12720000	-2996.61377
12725000	-3095.143066
12730000	-3000.955078
12735000	-3109.82666
12740000	-3053.499268
12745000	-3035.967285
12750000	-3016.302734
12755000	-3027.626709
12760000	-3034.298828
12765000	-3098.164062
12770000	-3015.376465
12775000	-2948.553711
12780000	-2891.005615
12785000	-3044.388184
12790000	-3031.584473
12795000	-2915.624512
12800000	-2932.805176
12805000	-3019.960938
12810000	-3156.63623
12815000	-3103.858887
12820000	-3071.928223
12825000	-3163.163086
12830000	-3071.258789
12835000	-3084.168945
12840000	-3158.849609
12845000	-3032.197266
12850000	-3033.036865
12855000	-3099.290039
12860000	-3122.414062
12865000	-3099.209473
12870000	-3242.742676
12875000	-3199.791992
12880000	-3063.64502
12885000	-3128.772217
12890000	-2952.575684
12895000	-3225.605469
12900000	-3181.181152
12905000	-3099.117188
12910000	-3101.647949
12915000	-3083.559326
12920000	-3076.62207
12925000	-3051.376465
12930000	-2895.682373
12935000	-2837.196289
12940000	-2920.35083
12945000	-2873.0354
12950000	-3061.421143
12955000	-3066.117676
12960000	-3048.522949
12965000	-3089.832031
12970000	-3223.793945
12975000	-3109.460205
12980000	-3197.436279
12985000	-3062.544434
12990000	-2991.128662
12995000	-3044.625
13000000	-3084.989746
13005000	-3051.955078
13010000	-2986.370117
13015000	-3040.125
13020000	-3060.619141
13025000	-2985.591797
13030000	-3002.990723
13035000	-2987.488037
13040000	-2985.954102
13045000	-3000.016602
13050000	-3041.266113
13055000	-3146.594238
13060000	-3138.789062
13065000	-3087.700684
13070000	-3052.785156
13075000	-3178.031006
13080000	-3129.44165
13085000	-3078.049561
13090000	-3119.677246
13095000	-3093.91333
13100000	-2981.348633
13105000	-3114.053955
13110000	-3094.296143
13115000	-3170.214844
13120000	-3056.851807
13125000	-3078.884277
13130000	-3075.888428
13135000	-3081.617676
13140000	-2981.899414
13145000	-2917.371826
13150000	-3093.92334
13155000	-3012.612793
13160000	-2929.307373
13165000	-2951.362305
13170000	-2891.241211
13175000	-2923.705322
13180000	-2839.226562
13185000	-2990.257324
13190000	-2874.623047
13195000	-3050.619629
13200000	-3053.03418
13205000	-2992.169922
13210000	-3074.483398
13215000	-3007.083496
13220000	-3070.188965
13225000	-3074.774902
13230000	-3042.374756
13235000	-2973.236816
13240000	-3080.936523
13245000	-3095.977051
13250000	-3115.994141
13255000	-3136.907227
13260000	-3194.125244
13265000	-3033.82666
13270000	-3164.358643
13275000	-3050.870117
13280000	-3084.838135
13285000	-3089.053223
13290000	-3004.534424
13295000	-3087.277344
13300000	-3046.003174
13305000	-3088.001465
13310000	-3052.26416
13315000	-3066.23877
13320000	-3132.585205
13325000	-3169.3125
13330000	-3301.6875
13335000	-3245.59082
13340000	-2985.180176
13345000	-3053.751953
13350000	-3043.053223
13355000	-3084.881592
13360000	-3079.3125
13365000	-3152.925049
13370000	-3006.60498
13375000	-3081.359619
13380000	-3062.546875
13385000	-3186.209473
13390000	-3027.260498
13395000	-2949.473145
13400000	-3069.609619
13405000	-3011.887451
13410000	-2982.534668
13415000	-3116.774902
13420000	-3111.031738
13425000	-2997.638184
13430000	-3045.359375
13435000	-3070.197998
13440000	-3019.147461
13445000	-2995.355469
13450000	-3034.035645
13455000	-2886.46582
13460000	-3021.210938
13465000	-3015.420166
13470000	-2884.232422
13475000	-2987.632812
13480000	-2993.053467
13485000	-2985.981201
13490000	-3079.280762
13495000	-3085.333984
13500000	-2819.306152
13505000	-3026.85083
13510000	-2935.012207
13515000	-2893.610107
13520000	-3017.442383
13525000	-2995.131104
13530000	-3009.271484
13535000	-3039.489746
13540000	-3073.844482
13545000	-3107.713867
13550000	-2928.595459
13555000	-2933.304688
13560000	-3036.245605
13565000	-3079.014648
13570000	-3135.300781
13575000	-3027.235107
13580000	-2999.33252
13585000	-3041.816406
13590000	-3079.127441
13595000	-3007.618896
13600000	-2949.981934
13605000	-2985.797852
13610000	-2907.13916
13615000	-2977.075684
13620000	-2922.166504
13625000	-2976.745605
13630000	-2965.084961
13635000	-2978.075439
13640000	-2951.208984
13645000	-3010.190918
13650000	-2978.498291
13655000	-3094.863281
13660000	-3134.817383
13665000	-3059.418457
13670000	-2988.248779
13675000	-3067.071777
13680000	-3062.250488
13685000	-3146.822021
13690000	-3159.751953
13695000	-3095.404785
13700000	-3041.938965
13705000	-3021.121094
13710000	-3013.156494
13715000	-3032.100586
13720000	-2986.128418
13725000	-2965.477295
13730000	-3070.733398
13735000	-3073.5354
13740000	-2957.092285
13745000	-3104.742676
13750000	-3090.561035
13755000	-3139.732422
13760000	-3147.730957
13765000	-3053.07373
13770000	-3025.546387
13775000	-2964.471191
13780000	-2936.813965
13785000	-3016.590576
13790000	-3093.960449
13795000	-3048.407471
13800000	-3013.208008
13805000	-3039.618896
13810000	-3020.044678
13815000	-3020.852539
13820000	-3022.378174
13825000	-2988.847412
13830000	-3083.631836
13835000	-3014.229492
13840000	-3110.040771
13845000	-3041.953613
13850000	-2983.121338
13855000	-3095.285645
13860000	-3088.60498
13865000	-3041.874756
13870000	-2945.104004
13875000	-2934.51123
13880000	-2850.611816
13885000	-2946.513184
13890000	-3064.543945
13895000	-2960.972656
13900000	-2971.337891
13905000	-3109.464844
13910000	-3033.51709
13915000	-3080.256592
13920000	-3130.820068
13925000	-3107.569336
13930000	-3161.173828
13935000	-3159.716797
13940000	-3061.062012
13945000	-3110.208008
13950000	-3005.451416
13955000	-2886.039551
13960000	-2976.571777
13965000	-2937.030762
13970000	-2944.763184
13975000	-3065.077881
13980000	-2989.709961
13985000	-2936.284424
13990000	-3046.367188
13995000	-2805.086914
14000000	-2972.000244
14005000	-3178.595459
14010000	-3190.455811
14015000	-3063.853516
14020000	-3048.307617
14025000	-3153.327637
14030000	-2957.030762
14035000	-2920.434814
14040000	-2952.08252
14045000	-3002.307617
14050000	-2912.069092
14055000	-3025.842041
14060000	-2994.233887
14065000	-3021.257812
14070000	-3058.126465
14075000	-3162.174316
14080000	-2979.479004
14085000	-3144.4021
14090000	-3033.352051
14095000	-2982.89209
14100000	-3044.512695
14105000	-3043.407471
14110000	-2935.701416
14115000	-2964.506348
14120000	-2962.739746
14125000	-3109.950684
14130000	-3037.698242
14135000	-3013.235596
14140000	-3102.253418
14145000	-3224.037598
14150000	-3149.626221
14155000	-3124.361816
14160000	-3032.127441
14165000	-3101.348633
14170000	-3267.812012
14175000	-3044.873047
14180000	-3121.789795
14185000	-3134.539307
14190000	-3029.823486
14195000	-3037.609375
14200000	-3110.241699
14205000	-3014.574707
14210000	-3007.101807
14215000	-2997.550293
14220000	-3053.610352
14225000	-3010.708496
14230000	-3060.09082
14235000	-3050.02124
14240000	-3144.357178
14245000	-3165.464355
14250000	-3130.050537
14255000	-3087.873779
14260000	-3108.446045
14265000	-3097.69751
14270000	-3056.995117
14275000	-3143.099854
14280000	-3065.661621
14285000	-2925.128662
14290000	-3074.83252
14295000	-2957.069092
14300000	-3022.281738
14305000	-3008.483398
14310000	-3060.715088
14315000	-2973.61377
14320000	-2980.490723
14325000	-2997.539551
14330000	-3026.38623
14335000	-3116.264648
14340000	-3013.388184
14345000	-3127.663086
14350000	-3050.664551
14355000	-3027.715332
14360000	-2985.489746
14365000	-3009.875
14370000	-2954.090088
14375000	-3030.821777
14380000	-3031.856201
14385000	-3003.086426
14390000	-3049.624023
14395000	-3016.328613
14400000	-3048.331055
14405000	-3051.657227
14410000	-3240.086426
14415000	-3209.720215
14420000	-3022.459961
14425000	-3075.676758
14430000	-3116.718262
14435000	-3089.823242
14440000	-3167.614502
14445000	-3193.965088
14450000	-3095.303955
14455000	-3027.953613
14460000	-3019.202148
14465000	-3006.419434
14470000	-3020.74707
14475000	-3003.088867
14480000	-3136.264404
14485000	-3140.310547
14490000	-3070.850098
14495000	-3028.483398
14500000	-3014.932617
14505000	-3021.67334
14510000	-2983.348877
14515000	-3143.298584
14520000	-3140.455566
14525000	-3129.206543
14530000	-3075.690918
14535000	-3124.052734
14540000	-3174.898438
14545000	-3175.443848
14550000	-3080.564453
14555000	-3071.018799
14560000	-3115.396729
14565000	-3152.583984
14570000	-3162.396973
14575000	-3214.366699
14580000	-3035.93457
14585000	-3027.858398
14590000	-3224.992676
14595000	-3196.268799
14600000	-3227.28125
14605000	-3336.774414
14610000	-3398.57666
14615000	-3263.42334
14620000	-3194.939697
14625000	-3119.029541
14630000	-3279.45166
14635000	-3058.11792
14640000	-3076.456299
14645000	-3043.472656
14650000	-3182.634766
14655000	-3149.51001
14660000	-3033.392822
14665000	-3053.688965
14670000	-2923.578125
14675000	-2987.192871
14680000	-3105.728027
14685000	-3129.52832
14690000	-3074.708984
14695000	-3210.547363
14700000	-3213.635254
14705000	-3152.015381
14710000	-3118.05957
14715000	-3098.612305
14720000	-3181.898438
14725000	-3098.638184
14730000	-3117.775635
14735000	-3129.534668
14740000	-3159.736572
14745000	-3230.51416
14750000	-3142.055176
14755000	-3221.986084
14760000	-3148.110352
14765000	-3082.006836
14770000	-3090.874023
14775000	-2881.091309
14780000	-3018.38916
14785000	-3067.508789
14790000	-3075.01416
14795000	-3121.848389
14800000	-3084.101074
14805000	-3228.193359
14810000	-3130.802002
14815000	-3135.171387
14820000	-2997.384033
14825000	-3068.752197
14830000	-3003.429688
14835000	-2998.580322
14840000	-2882.820312
14845000	-2928.673096
14850000	-2937.028809
14855000	-2902.374512
14860000	-2996.047363
14865000	-2946.715332
14870000	-2964.802246
14875000	-2951.658447
14880000	-3127.230957
14885000	-3176.351562
14890000	-3240.123047
14895000	-3118.310547
14900000	-2959.881348
14905000	-2908.720703
14910000	-3060.691406
14915000	-3005.35498
14920000	-2931.688477
14925000	-3048.109619
14930000	-2957.160645
14935000	-3015.107422
14940000	-2980.341553
14945000	-3098.705078
14950000	-3046.782715
14955000	-3043.265381
14960000	-2995.896973
14965000	-3026.348389
14970000	-3027.357178
14975000	-3115.585938
14980000	-2976.90625
14985000	-3022.157715
14990000	-3005.908203
14995000	-3026.284912
